Product ID,Product Name,Category ID,Default Unit,Price (₹)
epeedika-grocery-778,"1st Thuvaraparippu / Toor Dal 500gm",pulses-legumes,500 g,60
pothys-snack-4166167,"24 Mantra Organic Bombay Mixture",biscuits-snacks,150 g,38
pothys-snack-4166162,"24 Mantra Organic Hot Mixture",biscuits-snacks,150 g,50
pothys-snack-3137597,"24 Mantra Organic Peanut Bar",biscuits-snacks,33 g,50
pothys-snack-4166166,"24 Mantra Organic Ribbon Pakoda",biscuits-snacks,150 g,40
pothys-snack-3137598,"24 Mantra Organic Sesame Bar",biscuits-snacks,33 g,55
pothys-snack-4166161,"24 Mantra Organic Thick Sev",biscuits-snacks,150 g,40
zeev-35681,"3 റോസസ് ഡസ്റ്റ് ചായപ്പൊടി 500g",beverages,500 g,60
shysha-bakery-3717,"7 Up 2.25ltr",beverages,2.25ltr,40
shysha-bakery-3716,"7 Up 750ml",beverages,750 ml,40
zeev-44862,"7 Up Soft Drink 2.25 L",beverages,2.25 L,60
pothys-snack-3674183,"A2B Moond Dal Nutrition Facts",biscuits-snacks,225 g,38
pothys-snack-3688154,"A2B Pepper Sev",biscuits-snacks,100 g,38
pothys-snack-3674663,"A2B South Indian Sirai Pakoda",biscuits-snacks,200 g,38
pothys-snack-3674659,"A2B  Special Mixture",biscuits-snacks,200 g,38
zeev-40296,"Aachi Badam Drink Mix 200g",beverages,200 g,60
zeev-45564,"Aachi Cut Mango Pickle 200 g",sauces-condiments,200 g,60
zeev-44376,"Aachi Garlic Pickle 200 g",sauces-condiments,200 g,60
zeev-44374,"Aachi Ginger Pickle 200 g",sauces-condiments,200 g,60
zeev-42058,"Aachi Gulab Jamun Mix 200 g",biscuits-snacks,200 g,60
zeev-44373,"Aachi Lime Pickle 200 g",sauces-condiments,200 g,60
zeev-49249,"Aachi Royal Semiya Payasam Mix  180 g",rice-grains,180 g,60
zeev-42059,"Aachi Vathakulambu Rice Paste 200 g",sauces-condiments,200 g,60
epeedika-grocery-1127,"Aashirbad Kuruva / Cherumani Rice 1Kg / Loose",rice-grains,1 kg,45
shysha-bakery-9996,"Aashirvaad Ready Chapati 450g",rice-grains,450 g,59
atta,"Aashirvaad Superior MP Atta",rice-grains,5 kg,50
pothys-snack-3138771,"Abbies Green Olives Stuffed With Pimiento",biscuits-snacks,450 g,38
zeev-21322,"Abbies Peanut Butter - Creamy 340 g",sauces-condiments,340 g,60
zeev-26592,"Abbies Peanut Butter - Creamy 510 g",sauces-condiments,510 g,60
zeev-14436,"Abbies Peanut Butter - Crunchy 340 g",sauces-condiments,340 g,60
zeev-34998,"Abbies Peanut Butter - Crunchy 510 g",sauces-condiments,510 g,60
epeedika-grocery-2463,"AB Tamarind  250g Seedless (Puli)",spices,250 g,55
epeedika-grocery-2604,"AB Tamarind / Valanpuli 500 g",spices,500 g,70
epeedika-grocery-1537,"AB Tamarind / Valanpuli Seedless 500 g",spices,500 g,100
pothys-snack-2916717,"Act II Butter Delite Party Pack 2 plus1 Free",biscuits-snacks,450 g,38
pothys-snack-2915816,"ACT II Butter Delite Popcorn",biscuits-snacks,70 g,38
pothys-snack-2916334,"ACT II Butter Pepper Flavour",biscuits-snacks,70 g,38
pothys-snack-2915818,"ACT II Caramel Bliss Popcorn",biscuits-snacks,70 g,38
pothys-snack-3136722,"ACT II Cheese and Herbs Bakes Flavour",biscuits-snacks,23 g,38
pothys-snack-2916425,"Act II Instant Golden Sizzle",biscuits-snacks,41 g,38
pothys-snack-2917517,"ACT II Instant Popcorn Butter Garlic Flavour",biscuits-snacks,60 g,38
epeedika-grocery-1982,"ACT II Instant Popcorn - Chilly Surprise, 40 g Pouch",biscuits-snacks,40 g,10
epeedika-grocery-1981,"ACT II Instant Popcorn - Classic Salted, 40 g Pouch",biscuits-snacks,40 g,10
epeedika-grocery-1983,"Act II Instant Popcorn - Golden Sizzle 40 g Pouch",biscuits-snacks,40 g,10
epeedika-grocery-2087,"Act II Instant Popcorn Magic Butter 40g Pouch",biscuits-snacks,40 g,10
pothys-snack-2916333,"ACT II Magic Butter Flavour",biscuits-snacks,40 g,38
pothys-snack-3141599,"Act II Microwave Peri Peri Popcorn",biscuits-snacks,106 g,38
pothys-snack-3136703,"ACT II Microwave Popcorn Butter Flavor",biscuits-snacks,33 g,38
pothys-snack-3136733,"ACT II Nachoz Cheese",biscuits-snacks,60 g,38
pothys-snack-3135995,"ACT II Popcorn Golden Sizzle Popcorn Combo Pack 3",biscuits-snacks,3 * 60 g,38
pothys-snack-2916362,"ACT II Southern Spice Flavour Popcorn",biscuits-snacks,70 g,38
pothys-snack-2915817,"ACT II Tandoori Tadka Flavour",biscuits-snacks,70 g,38
pothys-snack-3136704,"ACT II Xtreme Butter Flavour Popcorn",biscuits-snacks,70 g,38
pothys-snack-3135996,"ACT Il Golden Sizzle Popcorn",biscuits-snacks,120 g,38
shysha-bakery-5099,"A Custom Made Cake",biscuits-snacks,1 pack,550
epeedika-grocery-533,"Ajmi Fresh Made Double Roasted Upma Rava 1 Kg",rice-grains,1 kg,80
zeev-149825,"Akbar Green Tea Bag   37.5 g",beverages,37.5 g,60
zeev-149910,"Alfa Flow Mints Premium Face Tissue  50 pcs",personal-care,50 pcs,60
epeedika-grocery-761,"Alibaba Basmati Rice 1 Kg (biryani rice)",rice-grains,1 kg,132
pothys-snack-3137907,"Alpenliebe Chocoliebe Eclairs Plus Chocolate",biscuits-snacks,136 g,38
pothys-snack-3139043,"Alpenliebe Creamfills Toffee",biscuits-snacks,152 g,38
pothys-snack-2916558,"Alpenliebe Gold Caramel",biscuits-snacks,184 g,40
pothys-snack-2916559,"Alpenliebe Gold Cream Strawberry Toffee",biscuits-snacks,184 g,38
pothys-snack-3137600,"Alpenliebe Just Jelly Guava",biscuits-snacks,185 g,38
pothys-snack-3136700,"Alpenliebe Juzt Jelly Cola Bottles",biscuits-snacks,72.8 g,38
pothys-snack-3135998,"Alpenliebe Juzt Jelly Fruity Bears Pouch",biscuits-snacks,72.8 g,38
pothys-snack-3136232,"Alpenliebe Juzt Jelly Orange Bears",biscuits-snacks,72.8 g,38
pothys-snack-2915823,"Alpenliebe Juzt Jelly Strawberry",biscuits-snacks,171 g,38
pothys-snack-3137753,"Alpenliebe Pop Assorted Flavours Lollipop",biscuits-snacks,64 g,38
epeedika-grocery-1377,"Ambadi Coconut Water Vinegar 350 ml",sauces-condiments,350 ml,28
zeev-33977,"Ambi pur Air Effect Air Freshener - Exotic Jasmin 275 ml",cleaning-household,275 ml,60
zeev-5703,"Ambi pur Air Effect Air Freshener - Lavender Bouquet 275 ml",cleaning-household,275 ml,60
zeev-27605,"Ambi pur Air Effect Air Freshener - Rose & Blossom 275 ml",cleaning-household,275 ml,60
zeev-5705,"Ambi pur Air Effect Air Freshener - Sweet Berries 275 ml",cleaning-household,275 ml,60
zeev-5723,"Ambi pur Air Effects Air Freshener - Sandalwood 275 g",cleaning-household,275 g,60
zeev-46741,"Ambi pur Car Freshener Gel – Refreshing Lavender 75 g",cleaning-household,75 g,60
zeev-46738,"Ambi pur Car Freshener Gel – Refreshing Lemon 75 g",cleaning-household,75 g,60
zeev-46796,"Ambi pur Car Freshener Gel – Romantic Rose 75 g",cleaning-household,75 g,60
zeev-47932,"Ambi pur Room Fresh Moodtherapy Collection Relax & Unwind Gel Fresh 180 g",cleaning-household,180 g,60
zeev-152738,"Ambi Pur Splash Of Revival Lemongrass 180 g",cleaning-household,180 g,60
zeev-163823,"Amrut Veni Hair Cleansing Nectar 100 ml (Conditioner)",personal-care,100 ml,60
zeev-163865,"Amrut Veni Hair Cleansing Nectar 50 ml (Hair Oil)",personal-care,50 ml,60
zeev-158521,"Amrut Veni Hair Elixir Men 50 ml",personal-care,50 ml,60
zeev-158522,"Amrut Veni Hair Elixir Women 100 ml",personal-care,100 ml,60
zeev-158520,"Amrut Veni Hair Elixir Women 50 ml",personal-care,50 ml,60
butter,"Amul Butter (Pasteurised)",dairy,100 g,56
pothys-snack-3141331,"Amul India Twilight Tryst Milk Chocolate",biscuits-snacks,125 g,38
zeev-158371,"Amul Mango Lassi 1 l",dairy,1 L,60
pothys-snack-2916842,"Amul Sugar Free Dark Chocolate",biscuits-snacks,35 g,38
pothys-snack-3196684,"Anandhi Corn Mixture",biscuits-snacks,150 g,38
pothys-snack-3196849,"Anandhi Potato Chips Salt",biscuits-snacks,150 g,38
epeedika-grocery-2289,"Anu's soya Sauce 200 g",sauces-condiments,200 g,40
epeedika-grocery-1370,"Anu's Tomato Sauce 1 kg",sauces-condiments,1 kg,83
pothys-snack-3486311,"Aparsbree Black Sesame balls",biscuits-snacks,75 g,38
zeev-149954,"Apis Corn Flakes- Buy 1 Get 1 Free 500 g",rice-grains,500 g,60
zeev-42095,"Apis Fruit Blast Mixed Fruit Jam 450 g",sauces-condiments,450 g,60
zeev-41421,"Apis Himalaya Honey 500 g",oils-sugar,500 g,60
shysha-bakery-3827,"Aquafina Packaged Drinking Water 1 L",beverages,1ltr,40
zeev-27196,"Ariel Complete Detergent Washing Powder 4 kg",cleaning-household,4 kg,60
zeev-5005,"Ariel Detergent Washing Powder - Matic Top Load 2 kg",cleaning-household,2 kg,60
zeev-5008,"Ariel Detergent Washing Powder - Matic Top Load 4 kg",cleaning-household,4 kg,60
zeev-47451,"Ariel Matic Liquid Detergent, Front Load - Pouch 2 l",cleaning-household,2 L,60
zeev-47452,"Ariel Matic Liquid Detergent, Top Load - Pouch 2 l",cleaning-household,2 L,60
zeev-159347,"Ariel Matic Liquid Detergent Top Load Pouch 4 l",cleaning-household,4 L,60
zeev-162664,"Ariel Perfect Wash Powder 5 kg (Washing Powder)",cleaning-household,5 kg,60
zeev-163137,"Ariel Power Gel Front Load 4 kg (Detergent Liquid)",cleaning-household,4 kg,60
zeev-45743,"Ashtapathy Mud Soap - Combo Pack 75 g",personal-care,75 g,60
zeev-149835,"Ashtapathy Neem & Tulsi Soap 4+1 Combi 75G X 5 No 75 g",personal-care,75 G,60
zeev-149837,"Ashtapathy Papaya Beauty Soap 4+1 Combi 75G X 5 N 75 g",personal-care,75 G,60
zeev-149836,"Ashtapathy Turmeric Soap 4+1 Combi 75G X 5 Nos 75 g",personal-care,75 G,60
shysha-bakery-6543,"Asians Achappam 27nos",biscuits-snacks,1 pack,38
shysha-bakery-6515,"Asians Banana Chips 150g",biscuits-snacks,150 g,38
shysha-bakery-10051,"Asians Banana Chips 500g",biscuits-snacks,500 g,38
shysha-bakery-6534,"Asians Chilly Mixture 180g",biscuits-snacks,180 g,38
shysha-bakery-8307,"Asians Chuttu  Murukku 10Nos",biscuits-snacks,1 pack,38
shysha-bakery-6644,"Asians Jacks Chips 140g",biscuits-snacks,140 g,38
shysha-bakery-6540,"Asians Kuzhalappam 180g",biscuits-snacks,180 g,38
shysha-bakery-6536,"Asians Madhuraseva 170g",biscuits-snacks,170 g,38
shysha-bakery-6538,"Asians Pakkavada 180g",biscuits-snacks,180 g,38
shysha-bakery-6542,"Asians Peanut Chilly roast 80g",biscuits-snacks,80 g,38
shysha-bakery-6541,"Asians Peanut Plain 80g",biscuits-snacks,80 g,38
shysha-bakery-6647,"Asians Sarkaravaratty 170g",biscuits-snacks,170 g,38
shysha-bakery-10052,"Asians Sarkaravaratty 400g",biscuits-snacks,400 g,38
shysha-bakery-6539,"Asians Tapioca Chips 200g",biscuits-snacks,200 g,38
shysha-bakery-7894,"Asians Tomatto Murukku 140g",biscuits-snacks,140 g,38
shysha-bakery-6535,"Asians White Mixture 180g",biscuits-snacks,180 g,38
epeedika-grocery-1260,"AVT Premium Tea 1 kg",beverages,1 kg,310
zeev-46131,"Axe Bogo Deodorant 150 ml",personal-care,150 ml,60
epeedika-grocery-238,"Ayamodakam / Ajwain Seeds 50g",spices,50 g,30
epeedika-grocery-2301,"Bakers Baking Soda 100g",oils-sugar,100 g,29
epeedika-grocery-2568,"Bakers Oregano 35g",spices,35 g,89
pothys-snack-3138846,"Bambino All In One Namkeen",biscuits-snacks,130 g,38
pothys-snack-3137748,"Bambino Aloo Bhujia",biscuits-snacks,100 g,38
pothys-snack-3139217,"Bambino Bhujia Sev",biscuits-snacks,100 g,38
pothys-snack-2916502,"Bambino Butterscotch Soan Papdi",biscuits-snacks,200 g,38
pothys-snack-3138677,"Bambino Chatpata Tomato Creamy Cheese",biscuits-snacks,65 g,38
pothys-snack-3137016,"Bambino Coconut Soan Papdi",biscuits-snacks,1 pack,38
pothys-snack-3138750,"Bambino Cup Instant Pastta Cream And Cheese",dairy,68 g,38
pothys-snack-3138946,"Bambino Cup Instant Pastta Tasty Masala",biscuits-snacks,62 g,38
zeev-149952,"Bambino Ginger Garlic Paste  200 g",sauces-condiments,200 g,60
pothys-snack-2917326,"Bambino Khatta Meetha",biscuits-snacks,100 g,38
zeev-16435,"Bambino Mix - Gulab Jamoon 200 g",biscuits-snacks,200 g,60
pothys-snack-3139108,"Bambino Moong Dhall",biscuits-snacks,130 g,38
epeedika-grocery-1081,"Bambino Pasta Macaroni 200 g",biscuits-snacks,200 g,26
pothys-snack-3136554,"Bambino Pastta Instant Tasty Masala Pasta",biscuits-snacks,65 g,38
epeedika-grocery-1058,"Bambino Roasted Vermicelli 200 g (semiya)",rice-grains,200 g,29
pothys-snack-3138973,"Bambino Savory Chegodi",biscuits-snacks,130 g,38
pothys-snack-2917453,"Bambino Soan Mango Papdi",fruits,200 g,38
pothys-snack-3139106,"Bambino Soan Papadi Chocolate",biscuits-snacks,200 g,38
pothys-snack-3138826,"Bambino Soan Papdi Badam",biscuits-snacks,200 g,38
pothys-snack-3137649,"Bambino Soan Papdi Orange",fruits,200 g,38
pothys-snack-3139155,"Bambino Soan Papdi Pineapple",fruits,200 g,38
zeev-44771,"Bambino Soup Powder - Hot n Sour Vegetable 47 g",biscuits-snacks,47 g,60
zeev-30677,"Bambino Soup Powder - Mixed Vegetable 47 g",biscuits-snacks,47 g,60
zeev-42744,"Bambino Soup Powder - Mushroom 100 g",biscuits-snacks,100 g,60
zeev-19147,"Bambino Soup Powder - Sweet Corn Vegetable 50 g",biscuits-snacks,50 g,60
zeev-40665,"Bambino Soup Powder - Tomato 75 g",biscuits-snacks,75 g,60
pothys-snack-3138801,"Bambino Sugar Free Soan Papdi",biscuits-snacks,200 g,38
epeedika-grocery-190,"Bambino Vermicelli 150gm (semiya)",rice-grains,150 g,16
zeev-42745,"Bambino Vermicelli -Long 100 g",rice-grains,100 g,60
zeev-159359,"Banana Chips - Four Cut 250 g",biscuits-snacks,250 g,60
zeev-159356,"Banana Chips - Round 1 kg",biscuits-snacks,1 kg,60
zeev-159361,"Banana Chips -Round 250 g",biscuits-snacks,250 g,60
zeev-159360,"Banana Chips -Round 500 g",biscuits-snacks,500 g,60
zeev-16071,"Banjara's Multani Mitti + Orange Tan Free Face Wash 100 ml",personal-care,100 ml,60
zeev-42076,"Banjara's Papaya Face Wash 100 ml",personal-care,100 ml,60
epeedika-grocery-1589,"Barkath silver premium biriyani rice 1 kg (Small rice)",rice-grains,1 kg,68
pothys-snack-2917537,"Bauli Choco Chip Tea Cake",biscuits-snacks,300 g,38
pothys-snack-3670712,"Bauli Goodness Bar Peanut Choco",biscuits-snacks,50 g,38
pothys-snack-3670714,"Bauli Goodness Bar Roasted Almond Choco Nut",biscuits-snacks,40 g,38
pothys-snack-3670719,"Bauli Goodness Bar Strawberry Flavour",biscuits-snacks,50 g,38
pothys-snack-3195907,"Bauli Moonfils Caramel Creme",biscuits-snacks,45 g,38
pothys-snack-3137894,"Bauli Moonfils Choco Cake",biscuits-snacks,47 g,38
pothys-snack-3137895,"Bauli Moonfils Strawberry Cake",biscuits-snacks,47 g,38
pothys-snack-3137897,"Bauli Moonfils Vanilla",biscuits-snacks,45 g,38
pothys-snack-3434971,"Bauli Moonfils Veg Choco",biscuits-snacks,45 g,38
pothys-snack-2917189,"Bauli Spyroll Sponge Cake",cleaning-household,33 g,38
epeedika-grocery-239,"Bay Leaves 10g",rice-grains,10 g,15
pothys-snack-2917301,"Belgian Dark Orange Chocolate",biscuits-snacks,100 g,38
pothys-snack-2917439,"Belgian Milk Chocolate",biscuits-snacks,100 g,38
pothys-snack-2917454,"Belgian Milk Salted Caramel",dairy,100 g,38
pothys-snack-2917327,"Belgian No Sugar Added Dark Chocolate",biscuits-snacks,100 g,38
pothys-snack-2917116,"Belgian Sugar free Milk Chocolate",biscuits-snacks,100 g,38
pothys-snack-3138635,"Belgian White Chocolate with Stawberry",biscuits-snacks,100 g,38
zeev-27493,"Bella Maxi Drai Wings Classic Sanitary Napkins 3x15 pcs",oils-sugar,15 pcs,60
zeev-26478,"Bella Maxi Soft Wings Classic Sanitary Pads 3x15 pcs",oils-sugar,15 pcs,60
epeedika-grocery-203,"Bellam (Sharkara) 500g",rice-grains,500 g,40
pothys-snack-3139272,"Bhavnagari Dry Fruit Burfi",biscuits-snacks,150 g,38
pothys-snack-2917421,"Bhavnagari Kaju Katli",biscuits-snacks,150 g,38
pothys-snack-2917417,"Bhavnagari Kaju & Pista roll",biscuits-snacks,150 g,38
pothys-snack-3137840,"Bhavnagari Kalakand",biscuits-snacks,150 g,38
pothys-snack-3137841,"Bhavnagari Malai Barfi",biscuits-snacks,150 g,38
pothys-snack-2917418,"Bhavnagari Malai & Kesar Pedha",biscuits-snacks,150 g,38
pothys-snack-3763722,"Bikaji Rishtey Namkeen Dawat",biscuits-snacks,1.25 kg,38
pothys-snack-3763288,"Bikaji Rishtey Picnic",biscuits-snacks,600 g,38
pothys-snack-3763770,"Bikaji Rishtey Shahi Dawat",biscuits-snacks,2 kg,38
pothys-snack-3763287,"Bikaji Rishtey Thoda Meetha Thoda Namkeen",biscuits-snacks,850 g,38
pothys-snack-3194560,"Bikano Panjeeri Laddu",biscuits-snacks,400 g,38
pothys-snack-3196567,"Bikano Royal Gulab Jamun Tin",biscuits-snacks,1 kg,38
pothys-snack-3197211,"Bikano Soan Papdi",biscuits-snacks,500 g,38
instamart-drink-bindu-bindu-fizz-jeera-masala-soda-refreshing,"Bindu Fizz Jeera Masala Soda | Refreshing Summer Carbonated Soft Drink",beverages,750 ml,33
pothys-snack-3137899,"Bingo Chilli Sprinkled",biscuits-snacks,60 g,50
pothys-snack-3139270,"Bingo Flat Cut Potato Chips Cream & Onion",biscuits-snacks,52 g,50
pothys-snack-2917741,"Bingo Hashtags Potato Chips Cream & Onion",biscuits-snacks,58 g,38
pothys-snack-3195882,"Bingo Hashtags Spicy Masala",biscuits-snacks,58 g,38
pothys-snack-3136025,"Bingo Mad Angles Achaari Masti",biscuits-snacks,130 g,38
pothys-snack-3139160,"Bingo Mad Angles Cheese Nachos Chips",biscuits-snacks,130 g,38
pothys-snack-3136027,"Bingo Mad Angles Fiery Peri Peri",biscuits-snacks,40 g,38
pothys-snack-3136026,"Bingo Mad Angles Mmmmm Masala",biscuits-snacks,40 g,38
pothys-snack-3194544,"Bingo Mad Angles Pizza Flavour",biscuits-snacks,130 g,38
pothys-snack-3136028,"Bingo Mad Angles Tomato Madness",biscuits-snacks,117 g,50
pothys-snack-3196640,"Bingo Nachos Chilli Lemon",biscuits-snacks,82.5 g,38
pothys-snack-3473798,"Bingo No Rulz Masala",biscuits-snacks,80 g,38
pothys-snack-3395521,"Bingo Original Style Cream & Onion",biscuits-snacks,21 g,38
pothys-snack-3395465,"Bingo Original Style Salt Sprinkled",biscuits-snacks,28 g,38
pothys-snack-2917293,"Bingo Potato Chips, Cream & Onion",biscuits-snacks,52 g,38
pothys-snack-3137900,"Bingo Potato Chips Masala",biscuits-snacks,25 g,38
pothys-snack-3137901,"Bingo Potato Chips Tomato",biscuits-snacks,25 g,38
pothys-snack-3136029,"Bingo Salt Sprinkled Potato Chips",biscuits-snacks,60 g,40
pothys-snack-2916949,"Bingo Tangles Tomato Snacks",biscuits-snacks,40 g,50
pothys-snack-3395450,"Bingo Tedhe Medhe Masala Tadka",biscuits-snacks,22 g,38
pothys-snack-3136030,"Bingo Tedhe Medhe Tomato Masti",biscuits-snacks,45 g,38
pothys-snack-3136031,"Bingo Yumitos Salted Potato Chips",biscuits-snacks,50 g,40
epeedika-grocery-1985,"Biriyani Mix- Kit 1 Kg",rice-grains,1 kg,156
pothys-snack-3138957,"Birla Morton Choco Flakes",biscuits-snacks,250 g,38
epeedika-grocery-240,"Black Cumin Seed -Karimjeerakam",spices,1 Unit,10
epeedika-grocery-235,"Black Pepper 100g",spices,100 g,85
zeev-48693,"Bombay Shaving Company Deodorant For Men - Black Vibe 150 ml",personal-care,150 ml,60
shysha-bakery-8872,"Boost Milk Shake 180 ml",beverages,180 ml,38
zeev-151587,"Boost Nutrition Drink Pouch 750 g",beverages,750 g,60
pothys-snack-3139167,"Borges Snack Olives Gourmet Charm",biscuits-snacks,350 g,38
zeev-158767,"Borosil Kettle Rio 1.5 l",electronics,1.5 L,60
shysha-bakery-8313,"Bounty",biscuits-snacks,1 pack,38
pothys-snack-3395248,"Bounty Fun Size",biscuits-snacks,28.5 g,38
pothys-snack-2916026,"Bounty Miniatures Pouch",biscuits-snacks,150 g,38
pothys-snack-3395306,"Britania Nc Digestive",biscuits-snacks,41 g,38
pothys-snack-2916223,"Britanna Chocolate Cake Muffills",biscuits-snacks,35 g,38
pothys-snack-3136469,"Britannia 50-50 - Biscuits Sweet & Salty",biscuits-snacks,76 g,38
pothys-snack-3138001,"Britannia 50-50 Gol Maal Light Cracker With Kala Jeera",biscuits-snacks,110 g,38
pothys-snack-2916550,"Britannia 50-50 Jeera Biscuits",biscuits-snacks,80 g,38
pothys-snack-3135948,"Britannia 50-50 Maska Chaska Biscuit",biscuits-snacks,150 g,38
pothys-snack-3461785,"Britannia 50-50 Potazos Chilli Americana",biscuits-snacks,29 g,38
pothys-snack-2917468,"Britannia 50-50 Potazos Masti Masala Biscuit",biscuits-snacks,29 g,38
pothys-snack-2917742,"Britannia 50-50 Potazos Mint Magic Flavoured",biscuits-snacks,71.5 g,38
shysha-bakery-3729,"Britannia 50-50 Sweet & Salty 200 gm",biscuits-snacks,200 g,38
pothys-snack-3136470,"Britannia 50 - 50 Time Pass Classic Salted",biscuits-snacks,78 g,38
pothys-snack-3136566,"Britannia 50 - 50 Time Pass Simply Salted",biscuits-snacks,150 g,38
zeev-26331,"Britannia Biscuits - Marie Gold 6x89 g",biscuits-snacks,89 g,60
pothys-snack-2916182,"Britannia Bourbon Biscuits",biscuits-snacks,60 g,38
zeev-30681,"Britannia Bourbon Biscuits 120 g",biscuits-snacks,120 g,60
pothys-snack-3136567,"Britannia Cake Butter Blast",biscuits-snacks,60 g,40
pothys-snack-3140467,"Britannia Cake Choco Chill",biscuits-snacks,60 g,38
pothys-snack-3137322,"Britannia Cake Fruit Fun",biscuits-snacks,60 g,38
pothys-snack-2916225,"Britannia Cake Milky Masti",biscuits-snacks,60 g,40
pothys-snack-2916226,"Britannia Cake Nut & Raisin Romance",biscuits-snacks,150 g,38
pothys-snack-3136568,"Britannia Cake Orange Bites",biscuits-snacks,60 g,40
pothys-snack-3136569,"Britannia Cake Pineapple Plunge",biscuits-snacks,60 g,38
pothys-snack-3136472,"Britannia Cake Roll Yo Strawberry Swiss Roll",biscuits-snacks,30 g,38
pothys-snack-3139185,"Britannia Fruit Cake",biscuits-snacks,160 g,38
pothys-snack-2915849,"Britannia Good Day Butter Cookies",biscuits-snacks,35 g,38
shysha-bakery-3727,"Britannia Good Day Casew 120 gm",biscuits-snacks,120 g,40
shysha-bakery-8058,"Britannia Good Day cashew 200gm",biscuits-snacks,200 g,38
pothys-snack-3395257,"Britannia Good Day Cashew Almond",biscuits-snacks,33 g,38
pothys-snack-2915943,"Britannia Good Day Cashew Cookies",biscuits-snacks,250 g,38
pothys-snack-3137017,"Britannia Good Day Choco Chip Cookies",biscuits-snacks,400 g,38
zeev-163821,"Britannia Goodday Fruit & Nut Cookies 487.5 g",biscuits-snacks,487.5 g,60
pothys-snack-2916183,"Britannia Good Day Nuts Cookies",biscuits-snacks,200 g,38
pothys-snack-3137448,"Britannia Good Day Pista Badam",biscuits-snacks,100 g,38
pothys-snack-3140413,"Britannia Little Hearts Biscuits",biscuits-snacks,37 g,38
pothys-snack-2915850,"Britannia Marie Gold Biscuits",biscuits-snacks,120 g,38
pothys-snack-3136042,"Britannia Milk Bikis Biscuits",biscuits-snacks,150 g,38
shysha-bakery-3734,"Britannia Milk Bikis Biscuits 300gm",biscuits-snacks,300 g,38
pothys-snack-3137996,"Britannia Milk Bikis Classic",biscuits-snacks,65 g,38
pothys-snack-3136473,"Britannia Milk Bikis Milky Sandwich",biscuits-snacks,200 g,38
shysha-bakery-3733,"Britannia Milk Bikis Milky Sandwich 200gm",biscuits-snacks,200 g,38
shysha-bakery-8063,"Britannia Milk Bikis Sandwich 112.8 gm",biscuits-snacks,112.8 g,40
pothys-snack-2916987,"Britannia Milk Bikis Set",biscuits-snacks,500 g,38
pothys-snack-3136346,"Britannia Nice Time Biscuit",biscuits-snacks,73 g,38
pothys-snack-3136570,"Britannia Nutri Choice Cracker",biscuits-snacks,100 g,38
pothys-snack-2916437,"Britannia NutriChoice Digestive",biscuits-snacks,100 g,38
pothys-snack-3136571,"Britannia Nutri Choice Digestive Whole Wheat Biscuit",biscuits-snacks,250 g,38
pothys-snack-2916228,"Britannia Nutri Choice Digestive Zero Biscuit",biscuits-snacks,100 g,38
pothys-snack-3137958,"Britannia Nutrichoice Herbs Biscuits",biscuits-snacks,100 g,38
pothys-snack-2917793,"Britannia Nutri Choice Protein Milk Almond Biscuits",biscuits-snacks,90 g,38
pothys-snack-3136572,"Britannia Nutrichoice Thin Arrowroot Biscuit",biscuits-snacks,150 g,38
pothys-snack-3449651,"Britannia Pinksalt And Pepper Makhana",biscuits-snacks,25 g,38
pothys-snack-3137775,"Britannia Pure Magic Chocolush Hazelnut",biscuits-snacks,75 g,38
pothys-snack-3136039,"Britannia Roll Yo Choco Swiss Cake",biscuits-snacks,30 g,38
pothys-snack-3136040,"Britannia Strawberry Muffills Cake",biscuits-snacks,35 g,38
shysha-bakery-3731,"Britannia Thin Arrowroot 150gm",biscuits-snacks,150 g,38
shysha-bakery-3732,"Britannia Thin Arrowroot 300gm",biscuits-snacks,300 g,38
pothys-snack-2916687,"Britannia Tiger Brita Biscuits",biscuits-snacks,150 g,38
pothys-snack-3136474,"Britannia Tiger Glucose Cookies",biscuits-snacks,136 g,38
pothys-snack-3136043,"Britannia Toastea Milk Rusk",biscuits-snacks,200 g,38
pothys-snack-2916099,"Britannia Toastea Premium Bake Rusk",biscuits-snacks,200 g,38
shysha-bakery-8060,"Britannia Toastea Premium Rusk 183g",biscuits-snacks,183 g,38
shysha-bakery-8062,"Britannia Toastea Premium Rusk 275g",biscuits-snacks,275 g,38
pothys-snack-2916184,"Britannia Treat Burst Choco Cream Fills",biscuits-snacks,60 g,38
pothys-snack-3136475,"Britannia Treat Crazy Pineapple",biscuits-snacks,64 g,38
pothys-snack-2916381,"Britannia Treat Creme Orange Wafer",biscuits-snacks,75 g,38
pothys-snack-3136044,"Britannia Treat Creme Wafers Choco",biscuits-snacks,75 g,38
pothys-snack-3136045,"Britannia Treat Creme Wafers Strawberry",biscuits-snacks,75 g,38
pothys-snack-3136046,"Britannia Treat Creme Wafers Vanilla",biscuits-snacks,75 g,38
shysha-bakery-8887,"Britannia Treat Croissant – Cocoa Creme Filling 45g",biscuits-snacks,45 g,38
pothys-snack-3136047,"Britannia Treat Croissant Cocoa Creme Roll",biscuits-snacks,47 g,38
shysha-bakery-8890,"Britannia Treat Croissant – Vanilla Creme Filling, 45 g",biscuits-snacks,45 g,40
pothys-snack-3136048,"Britannia Treat Croissant Vanilla Creme Roll",biscuits-snacks,45 g,38
pothys-snack-2916185,"Britannia Treat JimJam Cookies",biscuits-snacks,150 g,38
pothys-snack-3138009,"Britannia Treat Kool Vanilla",biscuits-snacks,50 g,38
pothys-snack-3136049,"Britannia Treat Osom Orange Biscuits",biscuits-snacks,64 g,38
pothys-snack-3136435,"Britannia Treat Stars Creme & White Choco Duo Biscuits",biscuits-snacks,100 g,38
pothys-snack-3137783,"Britannia Treat Strawberry Cream Biscuit",biscuits-snacks,64 g,38
pothys-snack-3136476,"Britannia Vita Marie Gold Biscuits",biscuits-snacks,65 g,38
epeedika-grocery-326,"Brooke Bond 3 Roses 100g Tea",beverages,100 g,89
epeedika-grocery-1756,"Brooke Bond 3 Roses 250g",beverages,250 g,223
epeedika-grocery-334,"Brooke Bond Red Label Natural Care Tea 100 g",beverages,100 g,59
epeedika-grocery-333,"Brooke Bond Red Label Tea 250gm",beverages,250 g,154
epeedika-grocery-327,"Brooke Bond Taj Mahal Tea 250g",beverages,250 g,233
pothys-snack-2916471,"Brookside Dark Chocolate Blueberry and Acai",biscuits-snacks,100 g,38
pothys-snack-3139853,"Brookside Dark Exotic Chocolates",biscuits-snacks,90 g,38
pothys-snack-2916472,"Brookside Pomegranate",fruits,33.3 g,38
pothys-snack-3136764,"Brookside Pomegranate Dark Chocolate",biscuits-snacks,33.3 g,38
pothys-snack-2916473,"Brookside Raspberry & Goji",biscuits-snacks,100 g,38
shysha-bakery-8875,"Bru Cold Coffee Can 180ml",beverages,180 ml,38
zeev-4423,"Bru Filter Coffee 500g",beverages,500 g,60
zeev-31978,"Bru Instant Coffee 100 g",beverages,100 g,60
coffee,"Bru Instant Coffee Powder",beverages,100 g,50
zeev-4495,"Bru Instant Coffee - Super Strong 500 g",beverages,500 g,60
epeedika-grocery-2419,"Bush Biriyani Essence 20ml",rice-grains,20 ml,66
epeedika-grocery-1874,"Bush Pineapple Essence 28ml",rice-grains,28 ml,28
epeedika-grocery-1873,"Bush Vanilla Essence 28ml",rice-grains,28 ml,28
pothys-snack-2917302,"Butlers 40% Milk Chocolate Smooth Rich & Creamy",biscuits-snacks,100 g,38
pothys-snack-2917303,"Butlers 70% Dark Chocolate",biscuits-snacks,100 g,38
pothys-snack-2917304,"Butlers 70% Salted Caramel Crunch",biscuits-snacks,100 g,38
pothys-snack-2917305,"Butlers Almond & Orange Chocolate",biscuits-snacks,35 g,38
pothys-snack-3139189,"Butlers Mixed Berry Chocolate",biscuits-snacks,35 g,38
electric-kettle,"Butterfly 1.5L Stainless Steel Electric Kettle",electronics,1 pc,41
pothys-snack-3136053,"Cadbury 5 Star Bar",biscuits-snacks,19.5 g,38
pothys-snack-3135949,"Cadbury 5 Star Chocolate",biscuits-snacks,10.1 g,38
pothys-snack-3140660,"Cadbury 5 Star Crunchy",biscuits-snacks,35 g,38
pothys-snack-3137412,"Cadbury 5 Star Home Treat More Caramel",biscuits-snacks,200 g,38
pothys-snack-3136054,"Cadbury Bournville Cranberry Dark Chocolate Bar",biscuits-snacks,80 g,38
pothys-snack-3136055,"Cadbury Bournville Dark Chocolate Bar with Raisin and Nuts",biscuits-snacks,80 g,40
pothys-snack-3136056,"Cadbury Bournville Rich Cocoa Dark Chocolate Bar",biscuits-snacks,80 g,38
shysha-bakery-3739,"Cadbury Bourn Vita 120gm",biscuits-snacks,120 g,38
pothys-snack-3136057,"Cadbury Bournvita Biscuits",biscuits-snacks,400 g,38
pothys-snack-3137663,"Cadbury Bournvita Sakthi Biscuits",biscuits-snacks,500 g,38
pothys-snack-3137386,"Cadbury Celebrations Assorted Chocolates Gift Pack",biscuits-snacks,63.3 g,38
pothys-snack-3137622,"Cadbury Celebrations Treasure Basket",biscuits-snacks,588 g,38
pothys-snack-3137970,"Cadbury Chocobakes Choc Filled Cookies",biscuits-snacks,75 g,38
shysha-bakery-8360,"Cadbury Chocobakes ChocFilled Cookies, 75 g",biscuits-snacks,75 g,40
pothys-snack-2917808,"Cadbury Chocobakes Choco Chip Cookies",biscuits-snacks,167 g,38
pothys-snack-2916906,"Cadbury Chocobakes Cookies Chocolate",biscuits-snacks,300 g,38
pothys-snack-2917681,"Cadbury Dairy Milk Bites - Almond",biscuits-snacks,40 g,38
pothys-snack-2917667,"Cadbury Dairy Milk Bites - Roasted Hazelnut",biscuits-snacks,40 g,38
pothys-snack-2917446,"Cadbury Dairy Milk Chilli Orange",biscuits-snacks,36 g,38
pothys-snack-3136578,"Cadbury Dairy Milk Chocolate Bar",biscuits-snacks,6.6 g,38
shysha-bakery-3751,"Cadbury Dairy Milk Chocolate Bar 11.5g",biscuits-snacks,11.5 g,38
shysha-bakery-3752,"Cadbury Dairy Milk Chocolate Bar 21g",biscuits-snacks,21 g,38
shysha-bakery-3750,"Cadbury Dairy Milk Chocolate Bar, 46g",biscuits-snacks,46 g,38
shysha-bakery-3749,"Cadbury Dairy Milk Chocolate Bar – Family Pack, 123 g",biscuits-snacks,123 g,40
pothys-snack-3140394,"Cadbury Dairy Milk Crackle Chocolate Bar",biscuits-snacks,36 g,38
pothys-snack-3139122,"Cadbury Dairy Milk Cripello Trio Pack",biscuits-snacks,33 g,38
pothys-snack-3136096,"Cadbury Dairy Milk Fruit & Nut",biscuits-snacks,80 g,38
pothys-snack-3141390,"Cadbury Dairy Milk Hearts And Roses",biscuits-snacks,162 g,38
pothys-snack-2916951,"Cadbury Dairy Milk Lickables Kung Fu Panda Special",biscuits-snacks,20 g,38
pothys-snack-3136058,"Cadbury Dairy Milk Roast Almond",biscuits-snacks,36 g,38
pothys-snack-3140770,"Cadbury Dairy Milk Silk - Bubbly Bubblegum",biscuits-snacks,120 g,38
pothys-snack-2915855,"Cadbury Dairy Milk Silk Bubbly Chocolate",biscuits-snacks,120 g,38
pothys-snack-3136579,"Cadbury Dairy Milk Silk Chocolate",biscuits-snacks,60 g,38
pothys-snack-3136059,"Cadbury Dairy Milk Silk Hazelnut",biscuits-snacks,58 g,38
pothys-snack-3418370,"Cadbury Dairy Milk Silk Hearts and Roses",biscuits-snacks,135 g,38
pothys-snack-2917253,"Cadbury Dairy Milk Silk Mousse",biscuits-snacks,116 g,38
pothys-snack-3136060,"Cadbury Dairy Milk Silk Oreo",biscuits-snacks,130 g,38
pothys-snack-3136910,"Cadbury Dairy Milk Silk Oreo Red Velvet",biscuits-snacks,60 g,38
pothys-snack-3136061,"Cadbury Dairy Milk Silk Roast Almond",biscuits-snacks,55 g,38
pothys-snack-2917558,"Cadbury Dairy Milk Silk Valentine's Heart Blush",biscuits-snacks,150 g,38
pothys-snack-3395124,"Cadbury Dairy Short",biscuits-snacks,2 g,38
pothys-snack-3136155,"Cadbury Fuse Chocolate Bar",biscuits-snacks,27.5 g,38
pothys-snack-2916843,"Cadbury Fuse Home Treats",biscuits-snacks,108 g,38
pothys-snack-3137931,"Cadbury Gems Ball",biscuits-snacks,15.8 g,38
pothys-snack-3137828,"Cadbury Gems Carton 28",biscuits-snacks,22.28 g,38
pothys-snack-3137178,"Cadbury Gems Chocolate",biscuits-snacks,18.69 g,38
pothys-snack-3139219,"Cadbury Gems Minis",biscuits-snacks,178 g,38
shysha-bakery-3738,"Cadbury Oreo Choco Crème 125g",biscuits-snacks,125 g,38
pothys-snack-3195600,"Cadbury Oreo Creme Biscuit Chocolate",biscuits-snacks,300 g,38
pothys-snack-3136064,"Cadbury Oreo Creme Strawberry Biscuits",biscuits-snacks,150 g,38
pothys-snack-3136580,"Cadbury Oreo Dipped Cookie",biscuits-snacks,50 g,38
pothys-snack-2917192,"Cadbury Oreo Origianl SB Family Pack",biscuits-snacks,300 g,38
pothys-snack-3138950,"Cadbury Oreo Original Chocolate Sandwich Biscuits Jumbo Pack",biscuits-snacks,500 g,38
pothys-snack-3137569,"Cadbury Oreo Vanilla Cream Biscuit",biscuits-snacks,50 g,38
shysha-bakery-3737,"Cadbury Oreo Vanilla Crème 125g",biscuits-snacks,125 g,38
pothys-snack-3136062,"Cadbury Perk Bar Double",biscuits-snacks,29 g,38
pothys-snack-3136065,"Cadbury Perk Chocolate 10% Extra",biscuits-snacks,14.3 g,38
pothys-snack-3395214,"Cadburys Dairy Milk Chocolate",biscuits-snacks,55 g,38
pothys-snack-3139250,"Cadbury Toblerone",biscuits-snacks,100 g,38
pothys-snack-3139041,"Candyman Choco Double Eclairs",biscuits-snacks,280 g,38
pothys-snack-3136581,"Candyman Creme Lacto Chocolate",biscuits-snacks,562.5 g,38
pothys-snack-3139042,"Candyman Fantastik Bar",biscuits-snacks,360 g,38
pothys-snack-3197218,"Candyman Fantastik Choco Bar Xl",biscuits-snacks,136 g,38
pothys-snack-2915856,"Candyman Jelimals Jelly Bears Free Toy Inside",biscuits-snacks,31 g,38
pothys-snack-3136066,"Candyman Milky Eclairs Maha Pack",biscuits-snacks,456 g,38
epeedika-grocery-1416,"Cardamom / Elakkaya / 20 Rs/- pack",spices,1 Unit,19
epeedika-grocery-228,"Cardamom / Elakkaya 50g",spices,50 g,165
pothys-snack-3140620,"Center Fresh Chewing Gum Spearmint",biscuits-snacks,60 g,38
pothys-snack-3140395,"Center Fresh Mints Peppermint Flavour",biscuits-snacks,4.5 g,38
pothys-snack-3197117,"Centum Kovilpatti Peanut Chikki Bits Jar",storage-containers,375 g,38
pothys-snack-3196977,"Centum Kovilpatti Peanut Nice Chikki Bits Jar",storage-containers,375 g,38
zeev-14592,"Chandrika Ayurvedic  Soap 125 g",personal-care,125 g,60
zeev-28649,"Chandrika Ayurvedic Soap 125 gm (Pack of 3) 125 g",personal-care,125 g,60
zeev-44381,"Chandrika Glow Sandal & Saffron Soap - Combo Pack 75 g",personal-care,75 g,60
zeev-41373,"Chandrika Glycerine Soap  Buy 2 Get 1 Free 75 g",personal-care,75 g,60
zeev-25160,"Chandrika Handwash 215 ml",personal-care,215 ml,60
zeev-45543,"Chandrika Handwash - Coconut Scrub Action 215 ml",personal-care,215 ml,60
zeev-30241,"Chandrika Hand Wash Refill Pack 180 ml",personal-care,180 ml,60
zeev-149906,"Check Out Glass Cleaner Combo Offer	 500 ml",cleaning-household,500 ml,60
epeedika-grocery-1763,"Cherumani / Kuruva Rice 5 kg ( SS Kranthi )",rice-grains,5 kg,228
epeedika-grocery-296,"Cherupayar 500g / Green Gram",pulses-legumes,500 g,55
epeedika-grocery-302,"Cherupayar Parippu 250gm",pulses-legumes,250 g,33
epeedika-grocery-1392,"Choice Double Roasted Rava 1 Kg",rice-grains,1 kg,83
epeedika-grocery-1391,"Choice Fried Rava 500 Gm",rice-grains,500 g,42
epeedika-grocery-17,"Choice Matta Aval 400 Gm",rice-grains,400 g,45
epeedika-grocery-35,"Choice White Aval 400 Gm",rice-grains,400 g,46
pothys-snack-3140888,"Choki Choki Chocomilk Sticks",biscuits-snacks,330 g,38
zeev-47141,"Chozen Almond Choco Spread 150 g",sauces-condiments,150 g,60
epeedika-grocery-2092,"Chozen Choco Flakes 125G",rice-grains,125 g,59
epeedika-grocery-2172,"Chozen Cocoa Powder 50g",rice-grains,50 g,117
pothys-snack-3139134,"Chupa Chups Sour Belt Mixed Fruit",biscuits-snacks,61.6 g,38
pothys-snack-2916761,"Chupa Chups Sour Bites",biscuits-snacks,57.6 g,38
epeedika-grocery-232,"Cinnamon Stick  / Karuvapatta 50g",spices,50 g,20
epeedika-grocery-230,"Cinnamon Stick  / Karuvapatta Rs 10 pack",spices,1 Unit,9
zeev-16369,"Clinic Plus Shampoo - Strong & Extra Thick 340 ml",personal-care,340 ml,60
zeev-31248,"Clinic Plus Shampoo - Strong & Extra Thick 650 ml",personal-care,650 ml,60
zeev-20782,"Clinic Plus Strong and Long Naturals Shampoo 340 ml",personal-care,340 ml,60
zeev-153255,"Clipper Classic Lighter 1 pc",dairy,1 pc,60
zeev-47711,"Cliq Dish Wash Liquid - Ginger 500 ml",vegetables,500 ml,60
zeev-47710,"Cliq Dish Wash Liquid - Lemon 500 ml",vegetables,500 ml,60
epeedika-grocery-231,"Clove / Grampu 10rs/- pack",spices,1 Unit,10
epeedika-grocery-2607,"Clove / Grampu 50g",pulses-legumes,50 g,55
instamart-drink-coca-cola-coca-cola-diet-coke-can-330ml,"Coca-Cola Diet Coke Can 330ml",beverages,330 ml,184
instamart-drink-coca-cola-coca-cola-soft-drink-bottle,"Coca-Cola Soft Drink Bottle",beverages,750 ml,78
instamart-drink-coke-zero-coca-cola-zero-sugar-pet-cola-spark,"Coca-Cola Zero Sugar PET - Cola Sparkling Soft Drink",beverages,750 ml,39
instamart-drink-coke-zero-coke-zero-pet-8-mp,"Coke Zero Pet*8 Mp",beverages,750 ml,149
zeev-150000,"Colgate Brush Visible White Ultra Soft Toothbrush 1 no",personal-care,1 pc,60
zeev-158863,"Colgate Maxfresh Cooling Peppermint Ice (150 G * 2) 1 pack",personal-care,150 G,60
zeev-44734,"Colgate Max Fresh Red Gel Toothpaste (150 g +150 g)",personal-care,150 g,60
zeev-42633,"Colgate Sensitive Pro-Relief Toothpaste 70 g",personal-care,70 g,60
zeev-149860,"Colgate Visible White Tooth Paste 200 g",personal-care,200 g,60
zeev-5077,"Comfort After Wash Anti Bacterial Fabric Conditioner 860 ml",cleaning-household,860 ml,60
zeev-5116,"Comfort After Wash Lily Fresh Fabric Conditioner 2 L",cleaning-household,2 L,60
zeev-5072,"Comfort After Wash Lily Fresh Fabric Conditioner 860 ml",cleaning-household,860 ml,60
zeev-5084,"Comfort After Wash Morning Fresh Fabric Conditioner 2 L",cleaning-household,2 L,60
zeev-153287,"Comfort Fabric Conditioner- Desire 2 l",cleaning-household,2 L,60
zeev-153288,"Comfort Fabric Conditioner - Royale 2 l",cleaning-household,2 L,60
zeev-45292,"Comfort Perfume Deluxe Desire Fabric Conditioner 850 ml",cleaning-household,850 ml,60
zeev-45435,"Comfort Perfume Deluxe Royale Fabric Conditioner 850 ml",cleaning-household,850 ml,60
shysha-bakery-8581,"Cooba Donut Cake Chocolate 40gm",biscuits-snacks,40 g,38
shysha-bakery-8578,"Cooba Donut Cake Strawberry 40gm",biscuits-snacks,40 g,38
pothys-snack-3137902,"Cornado Cheese Burst",dairy,100 g,38
pothys-snack-3137903,"Cornado Thai Chilli Rush",biscuits-snacks,60 g,38
pothys-snack-3137696,"Cornado Tomato Blast",vegetables,60 g,38
epeedika-grocery-2359,"Corn / Cholam ( Popcorn Seeds ) 200g",biscuits-snacks,200 g,50
zeev-164725,"Craze Biscuit Cardamom Value Pack 392 g (Biscuit )",biscuits-snacks,392 g,60
pothys-snack-3139787,"Crust & Crumb Chocolate Cake Mix",biscuits-snacks,300 g,38
pothys-snack-3141533,"Crust & Crumb Water Jelly",biscuits-snacks,100 g,38
epeedika-grocery-220,"Cumin Seeds 50g / Jeerakam / Essan",spices,50 g,24
epeedika-grocery-2201,"Custard Powder 100g \ Floury Walls",rice-grains,100 g,38
epeedika-grocery-2525,"Custard Powder Vanilla Flavour 100g / City's Master Chef",rice-grains,100 g,38
zeev-153369,"Cuticura Pink Passion Talc 400 g",personal-care,400 g,60
shysha-bakery-3812,"Cutlet Chicken 1 Pcs",meats,1 pc,40
shysha-bakery-3811,"Cutlet Meat  1 Pcs",meats,1 pc,40
zeev-16378,"Dabur 100% Pure Honey 400 g",oils-sugar,400 g,60
pothys-snack-3137715,"Dabur Hajmola Regular Tablet",biscuits-snacks,120 tablets,38
zeev-36839,"Dabur Honey Squeezy - 100% Pure 225 g",oils-sugar,225 g,60
epeedika-grocery-74,"Dalda Vanaspati 100ml",oils-sugar,100 ml,19
zeev-47893,"Dazzl Shield Disinfectant Floor Cleaner Citrus Fragrance 500 ml",cleaning-household,500 ml,60
epeedika-grocery-1372,"Deepam Green Chilli Sauce 200g",sauces-condiments,200 g,35
epeedika-grocery-1470,"Deepam Tomato Sauce 200 g",sauces-condiments,200 g,38
pothys-snack-2916688,"Delfi Twister Chocolate Wafer Roll With Cappuccino Cream",biscuits-snacks,320 g,38
pothys-snack-2916876,"Delfi Twister Strawberry Wafer Roll",biscuits-snacks,320 g,38
pothys-snack-3196770,"Delight Nuts Chocodates Milk",dairy,200 g,38
pothys-snack-3196760,"Delight Nuts Chocodates White",biscuits-snacks,200 g,38
pothys-snack-3136098,"Del Monte Cream Style Sweet Corn",vegetables,425 g,38
epeedika-grocery-2288,"Dels Tomato Sauce 200 g",sauces-condiments,200 g,36
pothys-snack-3688118,"Desi Nutri Jowar Puffs",biscuits-snacks,60 g,38
pothys-snack-3554140,"Desi Nutri Millet Cookies Salted Ajwain",biscuits-snacks,100 g,38
pothys-snack-3554138,"Desi Nutri Multi Millet Cookies",biscuits-snacks,100 g,38
pothys-snack-3688129,"Desi Nutri Peasnut Bites",biscuits-snacks,80 g,38
pothys-snack-3688120,"Desi Nutri Quinoa Puffs",biscuits-snacks,60 g,38
pothys-snack-3688107,"Desi Nutri Ragi Sticks",rice-grains,120 g,38
zeev-49386,"Dettol  Soap Neem  (Buy 3Get 1 Free ) 4 pack",personal-care,4 pack,60
pothys-snack-2917104,"Dev Snacks Achappam",biscuits-snacks,10 pcs,38
pothys-snack-2916848,"Dev Snacks Banana Chips",biscuits-snacks,300 g,38
pothys-snack-2916849,"Dev Snacks Kadalamavu Mixture",biscuits-snacks,200 g,40
pothys-snack-2917102,"Dev Snacks Masala Peanut",biscuits-snacks,150 g,38
pothys-snack-2916850,"Dev Snacks Masala Tapioca Chips",biscuits-snacks,150 g,38
pothys-snack-2917101,"Dev Snacks Pakkavada",biscuits-snacks,175 g,38
pothys-snack-2916851,"Dev Snacks Rice Murukku",biscuits-snacks,225 g,38
pothys-snack-2917103,"Dev Snacks Sweet Chips",biscuits-snacks,175 g,38
pothys-snack-2916852,"Dev Snacks Tapicoa Chips",biscuits-snacks,150 g,38
zeev-45119,"Dhathri Dheedhi  Lime Shampoo 250 ml",personal-care,250 ml,60
zeev-153546,"Dhathri Turmeric Hand Wash 250 ml",personal-care,250 ml,60
zeev-149827,"DILMAH Moroccan Mint + Ginger Green Tea (25 Tea Bag) 25 nos",beverages,25 pcs,60
zeev-150005,"Domex Fresh Guard Lime Disinfectant Toilet Cleaner 1 l",cleaning-household,1 L,60
zeev-5219,"Domex Toilet Cleaner Expert - Original 1 L",cleaning-household,1 L,60
zeev-5224,"Domex Toilet Cleaner - Lime Fresh 500 ml",cleaning-household,500 ml,60
zeev-5230,"Domex Toilet Cleaner - Ocean Fresh 500 ml",cleaning-household,500 ml,60
pothys-snack-3417732,"Doritos Dinamita Fiery Lime And Chilli Snacks",biscuits-snacks,44 g,38
pothys-snack-2917800,"Doritos Nacho Sizzlin' Hot Crunchy Snack",biscuits-snacks,57 g,38
zeev-41377,"Double Horse Appam - Idiyappam Pathiri 1 kg",rice-grains,1 kg,60
pothys-snack-3195520,"Double horse Aval - Red Thick",rice-grains,500 g,38
zeev-153587,"Double Horse Brahmin Sambar Powder 100 g",spices,100 g,60
pothys-snack-3195430,"Double Horse Chemba Puttupodi",rice-grains,500 g,38
zeev-43664,"Double Horse Coriander Powder 250 g",spices,250 g,60
zeev-41218,"Double Horse Easy Palappam Mix 1 kg",rice-grains,1 kg,60
zeev-43015,"Double Horse Idiyappam Powder 1 Kg",biscuits-snacks,1 kg,60
pothys-snack-3195715,"Double Horse Indian Tamarind",biscuits-snacks,200 g,38
zeev-48707,"Double Horse Instant Parippu Pradhaman 200 g",rice-grains,200 g,60
zeev-158754,"Double Horse Instant Tender Coconut Sago Payasam Mix 180 g",rice-grains,180 g,60
zeev-44241,"Double Horse Jaggery Powder 400 g",oils-sugar,400 g,60
zeev-153586,"Double Horse Masala Chicken 100 g",personal-care,100 g,60
zeev-20793,"Double Horse Masala - Meat 100 g",personal-care,100 g,60
zeev-153588,"Double Horse Palada Payasam Mix 300 g",biscuits-snacks,300 g,60
zeev-151762,"Double Horse Payasam Mix - Instant Semiya 300 g",rice-grains,300 g,60
zeev-42986,"Double Horse Payasam Mix - Rice Palada 200 g",rice-grains,200 g,60
zeev-33552,"Double Horse Payasam Mix - Rice Palada 300 g",rice-grains,300 g,60
zeev-32688,"Double Horse Pickle - Cut Mango 400 g",sauces-condiments,400 g,60
zeev-47064,"Double Horse Pickle - Lime 500 g",sauces-condiments,500 g,60
zeev-42141,"Double Horse Powder - Chilly 250 g",spices,250 g,60
zeev-867,"Double Horse Puttupodi - White 1 kg",rice-grains,1 kg,60
pothys-snack-3195583,"Double Horse Red Aval Thick",rice-grains,500 g,38
zeev-40351,"Double Horse Roasted Rava 1 kg",rice-grains,1 kg,60
pothys-snack-3195655,"Double Horse Vadi Matta Long Grain Rice",rice-grains,10 kg,38
pothys-snack-3542281,"Double Horse White Aval Poha",rice-grains,500 g,38
epeedika-grocery-14,"Double Rose Jeeragasala Rice 1 Kg / Biryani & Ghee Rice",dairy,1 kg,170
zeev-48853,"Dove Anti-Dandruff Clean & Fresh Shampoo 340 ml",personal-care,340 ml,60
zeev-34004,"Dove Bathing Bar Soap - Pink Rosa Beauty 100 g",personal-care,100 g,60
zeev-150296,"Dove Beautiful Curls-Hydrating Shampoo 380 ml",personal-care,380 ml,60
zeev-48857,"Dove Body Love Supple Bounce Body Lotion 400 ml",personal-care,400 ml,60
zeev-48858,"Dove Conditioner Daily Shine 340 ml",personal-care,340 ml,60
zeev-42680,"Dove Cream Beauty Bathing Bar Soap 100 g",personal-care,100 g,60
zeev-48621,"Dove Cream Beauty Bathing Soap 125 g (4+1 Free Combo)  125 g",personal-care,125 g,60
zeev-153599,"Dove Daily Shine Conditioner 180 ml",personal-care,180 ml,60
zeev-37004,"Dove Daily Shine Shampoo 650 ml",personal-care,650 ml,60
zeev-35169,"Dove Dryness Care Conditioner 180 ml",personal-care,180 ml,60
zeev-26196,"Dove Dryness Care Shampoo 340 ml",personal-care,340 ml,60
zeev-158372,"Dove Glycolic+Hydration Conditioner 175 ml",personal-care,175 ml,60
zeev-37128,"Dove Hair fall Rescue Conditioner 180 ml",personal-care,180 ml,60
zeev-150287,"Dove Hair Fall Rescue Detangling Conditioner 335 ml",personal-care,335 ml,60
zeev-34302,"Dove Hair fall Rescue Shampoo 340 ml",personal-care,340 ml,60
zeev-153603,"Dove Hair Fall Rescue Shampoo 650 ml",personal-care,650 ml,60
zeev-150064,"Dove Intense Damage Repair Conditioner 180 ml",personal-care,180 ml,60
zeev-150289,"Dove Intense Repair Detangling Conditioner 335 ml",personal-care,335 ml,60
zeev-150309,"Dove Men Care 2 In 1 Shampoo+ Conditioner- Anti- Dandruff 340 ml",personal-care,340 ml,60
zeev-150306,"Dove Men Care 2 In 1 Shampoo+Conditioner- Fresh & Clean 340 ml",personal-care,340 ml,60
zeev-158250,"Dove Men + Care Face Wash Oil Control 100 g",personal-care,100 g,60
zeev-158251,"Dove Men + Care Hydration Boost Face Wash 100 g",personal-care,100 g,60
zeev-158246,"Dove Men + Care Hydration Boost Face Wash 50 g",personal-care,50 g,60
zeev-157986,"Dove Men + Care Hydration Boost Moisturiser 100 g",personal-care,100 g,60
zeev-158425,"Dove Men+ Care Oil Control - Moisturiser Face Wash 100 g",personal-care,100 g,60
zeev-18608,"Dove Nourishing Oil Care Shampoo 340 ml",personal-care,340 ml,60
zeev-46323,"Dove Nourishment Radiance Rich Body Lotion 400 ml",personal-care,400 ml,60
zeev-153608,"Dove Sandal Wood Beauty Bathing Bar 375 g",personal-care,375 g,60
zeev-158359,"Dr Care Toilet+Floor Cleaner Buy One Get One Free 500 ml",cleaning-household,500 ml,60
pothys-snack-2917170,"Dr. Oetker Soft Waffles Cinnamon Sugar",spices,250 g,38
pothys-snack-2917171,"Dr. Oetker Soft Waffle Vanilla",biscuits-snacks,250 g,38
pothys-snack-2917442,"Dr.Oetker Waffle Tutti Frutti",biscuits-snacks,250 g,38
zeev-47887,"Drools Cat Food Chicken & Egg Adult  (Buy 2 and get 1 for Free) 400 g",dairy,400 g,60
zeev-47677,"Dr.Wash Dish Wash Liquid Buy 1 Get 1 Free 500 ml",cleaning-household,500 ml,60
epeedika-grocery-1411,"Dry Chilly With Stem / Unakka mulagu 100gm",rice-grains,100 g,32
epeedika-grocery-233,"Dry Ginger / Chukku 20 Rupees Packet",spices,1 Unit,19
epeedika-grocery-295,"Dry Green Peas 500g",pulses-legumes,500 g,32
epeedika-grocery-1680,"Dry Yeast",rice-grains,1 Unit,10
zeev-48694,"Dukes Alooz Crisp Potato Biscuits -Combo Pack 300 g",biscuits-snacks,300 g,60
pothys-snack-2915912,"Dukes Bourbon Biscuits",biscuits-snacks,150 g,38
zeev-48101,"Dukes Bourbon Biscuits  - Value pack",biscuits-snacks,1 pc,60
pothys-snack-2916704,"Dukes Cream 4 Fun Chocolate Biscuits",biscuits-snacks,150 g,38
pothys-snack-2916396,"Dukes Creme 4 Fun Orange Flavoured Sandwich Biscuits",biscuits-snacks,150 g,38
pothys-snack-2916408,"Dukes Creme 4 Fun Strawberry Flavoured Sandwich Biscuits",biscuits-snacks,150 g,38
pothys-snack-3566300,"Dukes Creme Squares Choco Crackers",biscuits-snacks,100,38
zeev-48695,"Dukes Dark Bourbon Biscuit - Vanilla 360 g",biscuits-snacks,360 g,60
zeev-45570,"Dukes Digestive Biscuits",biscuits-snacks,1 pc,60
pothys-snack-3139182,"Dukes Jeera Nibbles",spices,200 g,38
pothys-snack-2917258,"Dukes Masala Nibbles",biscuits-snacks,150 g,38
pothys-snack-3137814,"Dukes Nibbles Ranch",biscuits-snacks,150 g,38
zeev-45678,"Dukes Nice - Coconut Biscuits, Sugar Sprinkled (Combo pack) 450 g",biscuits-snacks,450 g,60
zeev-42087,"Dukes Wafers - Waffy (Butter ) 75 g",biscuits-snacks,75 g,60
zeev-42081,"Dukes Wafers - Waffy (Chocolate ) 75 g",biscuits-snacks,75 g,60
zeev-42085,"Dukes Wafers - Waffy (Orange ) 75 g",biscuits-snacks,75 g,60
zeev-42083,"Dukes Wafers - Waffy (Pineapple) 75 g",biscuits-snacks,75 g,60
zeev-42082,"Dukes Wafers - Waffy (Strawberry ) 75 g",biscuits-snacks,75 g,60
pothys-snack-3536723,"Dukes Waffy Choco Flavoured Rolls",biscuits-snacks,300 g,38
pothys-snack-3136691,"Dukes Waffy Chocolate Flavoured Creamy and Crunchy Wafers",biscuits-snacks,75 g,38
pothys-snack-3136800,"Dukes Waffy Kulfi Flavoured Wafer Rolls",biscuits-snacks,250 g,38
pothys-snack-3136112,"Dukes Waffy Orange Flavoured Crunchy Wafers",biscuits-snacks,75 g,38
pothys-snack-3136113,"Dukes Waffy Pineapple Flavoured Crunchy Wafers",biscuits-snacks,75 g,38
pothys-snack-3136590,"Dukes Waffy Strawberry Flavoured Crunchy Wafers",biscuits-snacks,75 g,38
pothys-snack-2916554,"Dukes Waffy Straw Roll",biscuits-snacks,250 g,38
pothys-snack-3136965,"Dukes Waffy Vanilla Wafer",biscuits-snacks,75 g,38
pothys-snack-3195571,"Durga Fried Gold Finger",biscuits-snacks,100 g,38
pothys-snack-3137125,"Durga Kabul Channa",biscuits-snacks,90 g,38
pothys-snack-3136592,"Durga Masala Bites",biscuits-snacks,80 g,38
pothys-snack-3138830,"Durga Moong Dhall",biscuits-snacks,90 g,38
pothys-snack-3136593,"Durga Murukku Large",biscuits-snacks,175 g,38
pothys-snack-3137603,"Durga Onion Rings",vegetables,80 g,38
pothys-snack-3137107,"Durga Potato Munch",biscuits-snacks,80 g,38
pothys-snack-3195752,"Durga Puffed Ball",biscuits-snacks,1 pack,38
pothys-snack-3137100,"Durga Sesame Roll Black",biscuits-snacks,25 pcs,38
pothys-snack-3195579,"Durga Then kulal",biscuits-snacks,175 g,38
pothys-snack-3195572,"Durga Wheel Chips",biscuits-snacks,80 g,38
turmeric-powder,"Eastern Agmark Turmeric Powder",spices,250 g,50
epeedika-grocery-779,"Eastern Chukku Kappi 100gm",beverages,100 g,62
epeedika-grocery-2228,"Eastern Cumin Seeds (Jeerakam) 100g",spices,100 g,59
epeedika-grocery-1148,"Eastern Fennel Seeds 100g / Perumjeerakam",spices,100 g,29
epeedika-grocery-1149,"Eastern Fenugreek ( Whole ) 100g / Uluva",spices,100 g,18
epeedika-grocery-279,"Eastern Ginger Garlic Paste 30g",sauces-condiments,30 g,10
epeedika-grocery-243,"Eastern Mustard (Kaduku) 100g",spices,100 g,15
pothys-snack-2916957,"Elite Banana Pudding Cake",biscuits-snacks,250 g,38
epeedika-grocery-2096,"Elite Broken Wheat 500g",rice-grains,500 g,45
pothys-snack-3139679,"Elite Cake Pineapple Chocolate",biscuits-snacks,130 g,38
pothys-snack-3136832,"Elite Carot Pudding Cake",biscuits-snacks,250 g,38
pothys-snack-2916549,"Elite Centoz Choco Cup Cake",biscuits-snacks,30 g,38
pothys-snack-3140829,"Elite Chocolate Flavoured Cake",biscuits-snacks,100 g,38
pothys-snack-3137979,"Elite Classic Rusk",biscuits-snacks,1 kg,38
pothys-snack-3140920,"Elite Dreams Bar Chocolate Cake",biscuits-snacks,35 g,38
pothys-snack-3139714,"Elite Dreams Vanilla Cake Bar",biscuits-snacks,40 g,38
pothys-snack-2916390,"Elite Elachi Rusk",biscuits-snacks,1 kg,38
epeedika-grocery-120,"Elite Half Cooked Chapati 10 Pieces / 450g",rice-grains,450 g,50
epeedika-grocery-2592,"Elite Half Cooked Malabar Parotta, 9 + 2 ( 2 Parottas Free )",rice-grains,1 Unit,75
pothys-snack-3139187,"Elite Jackfruit Cake",biscuits-snacks,250 g,38
shysha-bakery-4459,"Elite Marble Cake 700g",biscuits-snacks,700 g,250
pothys-snack-3136834,"Elite Milk Rusk",biscuits-snacks,218 g,38
shysha-bakery-6378,"Elite Milk Rusk 182g",biscuits-snacks,182 g,40
pothys-snack-3139677,"Elite Original Rusk",biscuits-snacks,405 g,38
pothys-snack-3137500,"Elite Plum Chocolate Cake",biscuits-snacks,330 g,38
pothys-snack-3138794,"Elite Plum Dates Pudding Cake",biscuits-snacks,250 g,38
pothys-snack-3137501,"Elite Plum Delight Cake",biscuits-snacks,330 g,38
pothys-snack-3137502,"Elite Plum Surprise Cake",biscuits-snacks,330 g,38
pothys-snack-3139003,"Elite Rich Plum Cake",biscuits-snacks,300 g,38
epeedika-grocery-2097,"Elite Samba Broken Wheat 500g",rice-grains,500 g,95
pothys-snack-3605541,"Elite Tea Cake",biscuits-snacks,250 g,38
epeedika-grocery-244,"Ellu Black 20g / packet",rice-grains,20 g,19
epeedika-grocery-1679,"Ellu / Black Sesame Seeds Loose 100g ( ellu)",rice-grains,100 g,32
epeedika-grocery-1256,"Ellu / Black Sesame Seeds Loose 250g",rice-grains,250 g,75
zeev-45567,"Emami Golden Beauty Alphine Dew French Perfume Talc 2*100 g",personal-care,100 g,60
zeev-46805,"Emami Golden Beauty Moon Drop French Perfume Talc 2*100 g",personal-care,100 g,60
zeev-45568,"Emami Golden Beauty Moon Drop French Perfume Talc 2*400 g",personal-care,400 g,60
shysha-bakery-9165,"Ensure Diabetes Care Specialized Nutrition Drink – Chocolate Flavour, 200 g",biscuits-snacks,200 g,40
epeedika-grocery-242,"Essen Cumin Seeds / Jeerakam 100g",spices,100 g,45
epeedika-grocery-227,"Essen Fenugreek / Uluva 100 g",spices,100 g,15
epeedika-grocery-245,"Essen Kaduku / Mustard 250g",spices,250 g,33
zeev-153767,"Eva Talc Fresh 100 g",personal-care,100 g,60
zeev-153768,"Eva Talc Powder - Sweet  100 g",personal-care,100 g,60
zeev-158435,"Eveready 9W LED Bulb Offer Pack 1 pack",electronics,1 pack,60
zeev-164662,"Exo Anti Bacterial Diswash Neem + Lime 2 l",vegetables,2 L,60
zeev-5159,"Exo Dishwash Bar - Anti-Bacterial, Touch & Shine 125 g",cleaning-household,125 g,60
zeev-42281,"Exo Safai Scrubber Buy 2 get 1 Free",cleaning-household,1 pc,60
zeev-149861,"Fair & Lovely Advanced Multi Vitamin Face Cream 110 g",personal-care,110 g,60
zeev-153885,"Fair & Lovely Multi Vitamin Face Wash 100 g",personal-care,100 g,60
instamart-drink-fanta-fanta-pet-orange-sparkling-soft-drink,"Fanta PET - Orange Sparkling Soft Drink",beverages,750 ml,39
pothys-snack-3466913,"Farmely Panchmeva Health & Taste",biscuits-snacks,450 g,38
pothys-snack-3474189,"Farmley Makhana Peri Peri",biscuits-snacks,90 g,38
pothys-snack-3486313,"Farmley Makhana Roasted Mint Jar",storage-containers,90 g,38
epeedika-grocery-1254,"Fennel Seeds 100g / Perum Jeerakam / Essen",spices,100 g,26
pothys-snack-2917160,"Ferrero Rocher Moments",biscuits-snacks,139.2 g,38
pothys-snack-3139064,"Ferrero Rocher (T16)",biscuits-snacks,200 g,38
pothys-snack-3139281,"Ferrero Rocher T24",biscuits-snacks,300 g,38
pothys-snack-3141659,"Ferrero Rocher ( T 30 )",biscuits-snacks,1 pack,38
pothys-snack-3138685,"Ferrero Rocher T5 Chocolate",biscuits-snacks,50 g,38
pothys-snack-3469787,"Ferrero Rocher T8",biscuits-snacks,100 g,38
zeev-48003,"Fiama Di Wills Gel Bar Celebration Pack (125 G) (Buy 4 Get 1free)",personal-care,125 G,60
zeev-40577,"Fiama Di Wills Men Energizing Sport Gel Bar,(Buy 3 Get 1 Free) 125 g",personal-care,125 g,60
zeev-40506,"Fiama Men Refreshing Pulse Gel Bar,(Buy 3 Get 1 Free) 125 g",personal-care,125 g,60
shysha-bakery-6939,"Fiesta Sparkling Juice Red Grape, 750 ml Glass Bottle",beverages,750 ml,40
epeedika-grocery-2434,"Figaro Olive Oil 100 ml",oils-sugar,100 ml,164
zeev-164651,"Fira Arrowroot Powder 200 g",spices,200 g,60
zeev-163834,"Fira Jack N Mix Raw Jackfruit Flour 200 g (Jackfruit Flour)",rice-grains,200 g,60
zeev-162577,"Fira Kerala Coconut Oil (Pouch) 1 l",oils-sugar,1 L,60
zeev-164518,"Fira Maizalito Tortilla 1 pack",biscuits-snacks,1 pack,60
epeedika-grocery-2166,"Fortune Kachi Ghani Pure Mustard Oil 500 ml (kadukenna)",oils-sugar,500 ml,119
oil,"Fortune Sunlite Sunflower Oil",oils-sugar,1 L,50
zeev-47501,"Fresh N Fine Paper Napkins (27*30)",cleaning-household,1 pc,60
epeedika-grocery-2302,"Fruitoman's Baking Powder 50 gm",rice-grains,50 g,25
epeedika-grocery-2543,"Fruitoman's Veg Noodles 500g",biscuits-snacks,500 g,83
pothys-snack-2916800,"Gaia Digestive Cookies",biscuits-snacks,200 g,38
pothys-snack-2916764,"Gaia Lite Sugar Free Cookies",biscuits-snacks,200 g,38
pothys-snack-3140609,"Gaia Oatmeal Cookies",biscuits-snacks,200 g,38
pothys-snack-2915928,"Galaxy Crispy Chocolate",biscuits-snacks,36 g,38
pothys-snack-3417693,"Galaxy Fusions Dark Chocolate 70% Cocoa Bar",biscuits-snacks,110 g,38
pothys-snack-3417700,"Galaxy Milk Chocolate Smooth Milk",biscuits-snacks,56 g,38
pothys-snack-3417703,"Galaxy Milk Chocolate With Fruit & Nut",biscuits-snacks,50 g,38
zeev-41444,"Giffy Dish Wash Gel - Green Lime and Active Salt 500 ml",oils-sugar,500 ml,60
zeev-20381,"Giffy Dishwash Gel - Lemon & Active Salt 1 L",cleaning-household,1 L,60
zeev-42056,"Giffy Dishwash Gel - Lemon & Active Salt 500 ml",cleaning-household,500 ml,60
zeev-45533,"Gillette Venus Venus Hair Removal Razor 5 pcs",personal-care,5 pcs,60
zeev-158245,"Glow & Lovely Brightening Face Serum 14 ml",personal-care,14 ml,60
zeev-158247,"Glow&Lovely Bright Glow Facewash (3x Multi Vitamins) 150 g",personal-care,150 g,60
pothys-snack-3195850,"Go Coco Khatta Mitha Heeng Laddu",biscuits-snacks,200 g,38
pothys-snack-3194710,"Go Coco Khatta Mitha Jeera Goli",spices,200 g,38
pothys-snack-3196517,"Gococo Rajwadi Mukhwas",biscuits-snacks,200 g,38
zeev-149824,"Godrej Cinthol Cool Soap ( Buy 4 Get 1 Free) 100 g",personal-care,100 g,60
zeev-48099,"Godrej Cinthol Health + Bath Soap (Pack of 4) 75 g",personal-care,75 g,60
zeev-149823,"Godrej Cinthol Health Soap ( Buy 4 Get 1 Free) 100 g",personal-care,100 g,60
zeev-14872,"Godrej Cinthol Lime Soap 100 gm Buy 4 Get 1 Free + Deodorant Soap- Cool 100 gm Buy 4 Get 1 Free 100 g",personal-care,100 g,60
pothys-snack-3196780,"Godspeed Black Sesame Chikki",biscuits-snacks,175 g,38
pothys-snack-3138642,"God Speed Fruits Taste Candy",biscuits-snacks,80 g,38
pothys-snack-3196558,"Godspeed Ginger Candy",biscuits-snacks,5 pcs,38
pothys-snack-3196731,"Godspeed Groundnut Mittai Nice",biscuits-snacks,175 g,38
pothys-snack-3196706,"Godspeed Honey Mittai",oils-sugar,60 Rs Pack,38
pothys-snack-3197128,"Godspeed Imli Toffee Puli Mittai",biscuits-snacks,50 g,38
pothys-snack-3141361,"Godspeed Jelly",biscuits-snacks,70 g,38
pothys-snack-3196705,"Godspeed Jujube Bar",biscuits-snacks,25 Rs Pack,38
pothys-snack-3422476,"God Speed Jujube Bar Seeded",biscuits-snacks,1 pc,38
pothys-snack-3141370,"Godspeed Kamarkat Candy",biscuits-snacks,1 pack,38
pothys-snack-3141425,"Godspeed Kovilpatti Ginger Candy",biscuits-snacks,1 pack,38
pothys-snack-3141488,"Godspeed Orange Candy",biscuits-snacks,70 g,38
pothys-snack-3138939,"God Speed Strong Candy",biscuits-snacks,70 g,38
pothys-snack-3422478,"God Speed Sugar Coated Jeera",spices,1 pc,38
pothys-snack-3138772,"God Speed Sweet Saunf",spices,80 g,38
pothys-snack-3138873,"Goeld Beetroot Cheese Tikki",dairy,240 g,38
pothys-snack-3139168,"Goeld Cheese Naan",dairy,240 g,38
pothys-snack-3138847,"Goeld Spinach Cheese Pockets",dairy,1 pc,38
epeedika-grocery-34,"Golden Jaya Rice 5 kg ( Loose )",rice-grains,5 kg,260
pothys-snack-3139854,"Gone Mad Choco Dark Cracker",biscuits-snacks,110 g,38
pothys-snack-3139649,"Gone Mad Choco Stick Dark",biscuits-snacks,100 g,38
pothys-snack-2917427,"Gone Mad Choco Strawberry",fruits,24 g,38
pothys-snack-3137818,"Gone Mad Gang Of 5 Tiramisu Sticks",biscuits-snacks,100 g,38
pothys-snack-3141475,"Gone Mad Premium Badam Stick",biscuits-snacks,100 g,38
pothys-snack-2917552,"Gone Mad Salted Caramel Sticks",biscuits-snacks,100 g,38
good-day-5474,"good day",biscuits-snacks,1 pack,45
pothys-snack-3139130,"Gourmet's Delight Wafers Cappuccino",biscuits-snacks,130 g,38
pothys-snack-3137528,"Gourmet's Delight Wafers Vanilla",biscuits-snacks,150 g,38
pothys-snack-3137697,"Gourmets Delite Caramel Wafers",biscuits-snacks,150 g,38
pothys-snack-3137687,"Gourmet's Delite Wafer Mango",fruits,150 g,38
pothys-snack-3137698,"Gourmet's Delite Wafers Chocolate",biscuits-snacks,150 g,38
pothys-snack-3137684,"Gourmet's Delite Wafers Orange",biscuits-snacks,150 g,38
pothys-snack-3195683,"Gourmet's Delite Wafers Strawberry",biscuits-snacks,150 g,38
pothys-snack-3137491,"Grb Bombay Halwa",biscuits-snacks,200 g,38
pothys-snack-3139627,"GRB Butterscotch Soan Papdi",biscuits-snacks,200 g,38
pothys-snack-3136702,"GRB Chocolate Soan Papdi",biscuits-snacks,200 g,38
pothys-snack-3137773,"GRB Dates Halwa",biscuits-snacks,200 g,38
pothys-snack-3137772,"GRB Dry Fruits Halwa",biscuits-snacks,250 g,38
pothys-snack-3196724,"GRB Gulab Jamun Cup",biscuits-snacks,125 g,38
pothys-snack-2915947,"GRB Gulab Jamun Tin",biscuits-snacks,500 g,38
pothys-snack-3195760,"GRB Mango Halwa",biscuits-snacks,250 g,38
pothys-snack-3196527,"GRB Mango Soanpapdi",fruits,200 g,38
pothys-snack-3136698,"GRB Orange Soan Papdi",fruits,200 g,38
pothys-snack-3136171,"GRB Pineapple Soan Cake",biscuits-snacks,200 g,38
pothys-snack-3195460,"GRB Rasagolla Tin",biscuits-snacks,300 g,38
pothys-snack-3194568,"GRB Soan Coconut Papdi",biscuits-snacks,200 g,38
pothys-snack-3197082,"GRB Soanpapdi Cardom",biscuits-snacks,400 g,38
pothys-snack-3139989,"GRB Soan Papdi Elachi",biscuits-snacks,200 g,38
pothys-snack-2917026,"GRB Town Bus Butter Murukku",biscuits-snacks,120 g,38
pothys-snack-2916724,"GRB Town Bus Khara Boondi",biscuits-snacks,120 g,38
pothys-snack-3194539,"GRB Town Bus Khara Sev",biscuits-snacks,120 g,38
pothys-snack-2916725,"GRB Town Bus Madras Mixture",biscuits-snacks,120 g,38
pothys-snack-3194494,"GRB Town Bus Masala Peanut",biscuits-snacks,120 g,38
pothys-snack-2917100,"GRB Town Bus Ribbon Pakoda",biscuits-snacks,150 g,38
zeev-149828,"Haeal Goat Milk B-Soap (1+1) Offer 125 g",personal-care,125 g,60
pothys-snack-3136802,"Haldiram Punjabi Tadka",biscuits-snacks,200 g,38
pothys-snack-3763566,"Haldiram Royal Celebrations",biscuits-snacks,1600,38
pothys-snack-2916347,"Haldiram's All In One",biscuits-snacks,150 g,38
pothys-snack-2916346,"Haldiram's Aloo Bhujia",biscuits-snacks,150 g,38
pothys-snack-3395501,"Haldirams Alu Bhijia",biscuits-snacks,40 g,38
pothys-snack-2916345,"Haldiram's Bhujia Sev",biscuits-snacks,400 g,38
pothys-snack-3136176,"Haldiram's Boondi",biscuits-snacks,150 g,38
pothys-snack-3136174,"Haldiram's Chana Nuts",biscuits-snacks,150 g,38
pothys-snack-3139802,"Haldiram's Double Joy",biscuits-snacks,450 g,38
pothys-snack-2916373,"Haldirams Dry Fruit Mix",biscuits-snacks,150 g,38
pothys-snack-3137605,"Haldiram's Gift Box Delicious Joy",biscuits-snacks,450 g,38
pothys-snack-3137606,"Haldiram's Gift Box Imperial Joy",biscuits-snacks,550 g,38
pothys-snack-3141544,"Haldirams Gift Box Royal Heritage",biscuits-snacks,2020 g,38
pothys-snack-2917782,"Haldirams Gift Box Supreme Joy",biscuits-snacks,700 g,38
pothys-snack-3137739,"Haldiram's Goldern Mixture",biscuits-snacks,200 g,38
pothys-snack-3136699,"Haldiram's Gulab Jamun",biscuits-snacks,500 g,38
pothys-snack-3137348,"Haldiram's Heavenly Delight",biscuits-snacks,950 g,38
pothys-snack-2916765,"Haldiram's Kaju Katli",biscuits-snacks,65 g,38
pothys-snack-2915949,"Haldiram's Khatta Meetha",biscuits-snacks,150 g,38
pothys-snack-3140916,"Haldirams Lavish Delight",biscuits-snacks,600 g,38
pothys-snack-3195694,"Haldiram's Majestic Treat Gift Pack",biscuits-snacks,900 g,38
pothys-snack-3137029,"Haldiram's Masala Kaju",biscuits-snacks,40 g,38
pothys-snack-3395499,"Haldirams Mixture",biscuits-snacks,150 g,38
pothys-snack-3136719,"Haldiram's Moong Dal",biscuits-snacks,400 g,38
pothys-snack-3395480,"Haldirams Moong Dal",biscuits-snacks,35 g,38
pothys-snack-3137607,"Haldiram's Nagpur Royal Celebration",biscuits-snacks,1.55 kg,38
pothys-snack-2915950,"Haldiram's Navratan Mixture",biscuits-snacks,150 g,38
pothys-snack-3139283,"Haldiram's Prabhuji Gulab Jamun",biscuits-snacks,1 kg,38
pothys-snack-3139284,"Haldiram's Prabhuji Rossogolla",biscuits-snacks,1 kg,38
pothys-snack-2916413,"Haldiram's Rasgulla",biscuits-snacks,1 kg,38
pothys-snack-3140602,"Haldiram's Royal Desire",biscuits-snacks,1.835 kg,38
pothys-snack-3140033,"Haldirams Royal Treasures",biscuits-snacks,1.8 kg,38
pothys-snack-2916449,"Haldirams Salted Kaju",biscuits-snacks,40 g,38
pothys-snack-3136734,"Haldiram's Salted Peanuts",biscuits-snacks,150 g,38
pothys-snack-3139628,"Haldiram's Soan Papdi Chocolate Flavour",biscuits-snacks,250 g,38
pothys-snack-2916571,"Haldiram's Soan Papdi Regular",biscuits-snacks,250 g,38
pothys-snack-3136717,"Haldiram's Tasty Nuts",biscuits-snacks,200 g,38
pothys-snack-3395471,"Haldirams Tasty Nuts",biscuits-snacks,50 g,38
zeev-2716,"Happilo Black Raisins - Premium Afghani Seedless 250 g",spices,250 g,60
pothys-snack-3454304,"Happilo Natural Whole Premium Cashews",biscuits-snacks,200 g,38
zeev-18017,"Happilo Premium Omani Dates - International 250 g",fruits,250 g,60
zeev-13297,"Happilo Trial Mix - Premium International 200 g",biscuits-snacks,200 g,60
pothys-snack-3197136,"Happiness Choco Cashew",biscuits-snacks,200 g,38
pothys-snack-3196825,"Happiness Dip's",biscuits-snacks,20 g,38
pothys-snack-3196571,"Happiness My Cycle",biscuits-snacks,35 g,38
pothys-snack-3196721,"Happiness Scoopy Go",biscuits-snacks,13 g,38
pothys-snack-3141630,"Happydent Wave Sugarfree Fruits Flavour Chewing Gum",biscuits-snacks,1 pack,38
pothys-snack-3140406,"Happydent White Xylitol Spearmint Flavour",biscuits-snacks,16.5 g,38
pothys-snack-3140657,"Happydent White Xylit Sugarfree Gum Green Mint Flavour",biscuits-snacks,27.5 g,38
pothys-snack-3136178,"Harima Baking Powder",oils-sugar,100 g,38
zeev-158774,"Head & Shoulders 7 In 1 Anti-Dandruff Shampoo 340 ml",personal-care,340 ml,60
pothys-snack-3137964,"Healthy Hunger Peanut Butter Creamy",sauces-condiments,340 g,38
zeev-49489,"Henko Matic Detergent Powder - Top Load ( 4Kg + 2Kg Free ) 6 kg",cleaning-household,4 Kg,60
pothys-snack-2917596,"Hersheys 49% Dark Chocolate Bar Rich Taste",biscuits-snacks,100 g,38
pothys-snack-3137980,"Hersheys Chocolate Syrup",sauces-condiments,623 g,38
pothys-snack-2916414,"Hershey’s Cookies ‘N’ Creme Bar",biscuits-snacks,100 g,38
pothys-snack-2916913,"Hershey's Cookies 'n' Creme XL Candy Bar",biscuits-snacks,43 g,38
pothys-snack-2916914,"Hersheys Creamy Milk",dairy,45 g,38
pothys-snack-3194563,"Hershey's Exotic Dark Chocolate Pomegranate",biscuits-snacks,100 g,38
pothys-snack-3194554,"Hershey's Exotic Dark Chocolate Raspberry & Goji",biscuits-snacks,100 g,38
pothys-snack-3138730,"Hershey's Exotic Dark Gift Box",biscuits-snacks,192 g,38
pothys-snack-2917194,"Hershey's Hot Chocolate",biscuits-snacks,250 g,38
pothys-snack-3136881,"Hershey's Kisses Almonds Chocolate",biscuits-snacks,300 g,38
pothys-snack-3608421,"Hershey's Kisses Cashews",biscuits-snacks,33.60 g,38
pothys-snack-3136882,"Hershey's Kisses Cookies n Creme Chocolates",biscuits-snacks,100.8 g,38
pothys-snack-3141314,"Hersheys Kisses Dark Chocolate",biscuits-snacks,315 g,38
pothys-snack-2917795,"Hersheys Kisses Hazelnut N Cookies-Milk Chocolate, Rich & Delicious",biscuits-snacks,100.8 g,38
pothys-snack-3136883,"Hershey's Kisses Milk Chocolate",biscuits-snacks,108 g,38
pothys-snack-3139188,"Hershey'S Kisses Moments Celebration Gift Box",biscuits-snacks,195.5 g,38
pothys-snack-3141376,"Hersheys Kissess Hazelnut",biscuits-snacks,315 g,38
pothys-snack-3475685,"Hershey's Syrup Genuine Chocolate Flavour",sauces-condiments,200 g,38
pothys-snack-2916915,"Hershey's Whole Almonds Chocolate Bar",biscuits-snacks,100 g,38
zeev-154583,"Horlick Lite-Badam 500 g",personal-care,500 g,60
zeev-49487,"Horlicks  Diabetes Plus Vanila Container 	 400 g",beverages,400 g,60
zeev-40467,"Horlicks Health & Nutrition Drink - Chocolate Flavour 500 g",biscuits-snacks,500 g,60
zeev-151421,"Horlicks Health & Nutrition Drink - Classic Malt (Pouch) 750 g",beverages,750 g,60
zeev-24656,"Horlicks High Protein Drink - Chocolate, Protein+ 400 g",biscuits-snacks,400 g,60
zeev-35330,"Horlicks High Protein Drink - Vanilla, Protein+ 400 g",beverages,400 g,60
zeev-46310,"Horlicks Junior Health Drink - Vanilla 500 g",beverages,500 g,60
zeev-150014,"Horlicks Junior Vanila- Box 1 kg",beverages,1 kg,60
zeev-158711,"Horlicks Lite Regular Malt 1 kg",beverages,1 kg,60
zeev-151429,"Horlicks Millet Chocolate 600 g",biscuits-snacks,600 g,60
zeev-10884,"Horlicks Mother's Health & Nutrition Drink - Kesar Flavour 500 g",beverages,500 g,60
shysha-bakery-6287,"Horlicks Plain Biscuits, 150g",biscuits-snacks,150 g,40
zeev-38843,"Horlicks Women'S Health & Nutrition Drink - Chocolate Flavour 400 g",biscuits-snacks,400 g,60
zeev-45815,"Horlicks Women'S Plus  Health & Nutrition Drink - Caramel Flavour 400 g",beverages,400 g,60
zeev-151428,"Horlicks Women's Plus Health & Nutrition Drink - Caramel Flavour 750 g",beverages,750 g,60
zeev-48172,"Horlicks Women'S Plus  Health & Nutrition Drink - Caramel Flavour (PET) 400 g",beverages,400 g,60
epeedika-grocery-2580,"Idli & Dosa Batter 1 Kg - Thiruvonam",rice-grains,1 kg,57
epeedika-grocery-26,"Idly Ponni rice 1 kg",rice-grains,1 kg,48
epeedika-grocery-1408,"India Gate Basmati Rice Golden Sella Supreme 1 Kg / Mandi & Biryani Rice",rice-grains,1 kg,140
epeedika-grocery-36,"Indiagate Basmati Rice White Sella Tiber / Biriyani Rice 1kg loose",rice-grains,1 kg,110
zeev-164612,"Indulekha Bringha Hair Fall Shampoo 580 ml",personal-care,580 ml,60
zeev-158420,"Indulekha Dandruff Treatment Shampoo 340 ml",personal-care,340 ml,60
zeev-154623,"Indulekha Svetakutaja Oil  100 ml",personal-care,100 ml,60
zeev-162670,"Itc Master Chef Green Peas 500 g (Green Peas)",pulses-legumes,500 g,60
zeev-162662,"ITC Master Chef Sweet Corn 500 g (Sweet Corn)",vegetables,500 g,60
pothys-snack-3195766,"Iyarkai Bombay Lakkadi",biscuits-snacks,200 g,38
pothys-snack-3195831,"Iyarkai Butter Murukku",biscuits-snacks,200 g,38
pothys-snack-3195767,"Iyarkai Cheeval",biscuits-snacks,200 g,38
pothys-snack-3195768,"Iyarkai Kamarkat",biscuits-snacks,200 g,38
pothys-snack-3195769,"Iyarkai Kara Boondhi",biscuits-snacks,200 g,38
pothys-snack-3195770,"Iyarkai Karasev",biscuits-snacks,200 g,38
pothys-snack-3195772,"Iyarkai Mixer",biscuits-snacks,200 g,38
pothys-snack-3195832,"Iyarkai Omapodi",biscuits-snacks,200 g,38
pothys-snack-3195774,"Iyarkai Sweet Banana Chips",biscuits-snacks,200 g,38
pothys-snack-3195775,"Iyarkai Tapioca Chips",biscuits-snacks,200 g,38
pothys-snack-3139855,"Jacker Wafer Cubes Milk",dairy,100 g,38
shysha-bakery-3810,"Jalebi 1 PCS",biscuits-snacks,1 pc,38
epeedika-grocery-1401,"Janatha Pappadam 250g Loose",sauces-condiments,250 g,50
instamart-drink-jimmy-s-jimmy-s-zero-sugar-mango-passion-spar,"Jimmy's Zero Sugar Mango Passion Sparkling Water",oils-sugar,750 ml,35
zeev-47884,"Johnson's Baby Soap  (Buy 3 Get 1 Free) 100 g",baby-family,100 g,60
zeev-21083,"Jovees Strawberry Face Wash 120 ml",personal-care,120 ml,60
zeev-154717,"Jovees Sundefence Cream SPF 50 PA+++ 100 g",personal-care,100 g,60
pothys-snack-2917290,"Jumbo Crunchy Crisp Premium Milk Rich Cocoa Bar",dairy,34 g,38
pothys-snack-2916969,"Jumbo Dark Ecstasy Dark Chocolate With Cocoa",biscuits-snacks,34 g,38
pothys-snack-2916520,"Jumbo Dark Ecstasy with Roasted Almond",biscuits-snacks,15 g,38
epeedika-grocery-1754,"Jyothi Karippetti (palm jaggery) 400gm",oils-sugar,400 g,72
zeev-149956,"Kabani Vivo Dishwash Liquid-Lemon Combo 500 ml",cleaning-household,500 ml,60
epeedika-grocery-759,"Kadala  500 gm",pulses-legumes,500 g,42
epeedika-grocery-289,"Kadala Big 500gm ( Bengal )",pulses-legumes,500 g,62
epeedika-grocery-297,"Kadalaparippu 250g -Channa Dal)",pulses-legumes,250 g,25
epeedika-grocery-205,"Kalkandam Ball 10 Rs packet",oils-sugar,1 Unit,9
epeedika-grocery-206,"Kalkandam Crystal 10 rs packet",oils-sugar,1 Unit,9
epeedika-grocery-1262,"Kalpasree Coconut Oil 1 Ltr velichenna",oils-sugar,1 L,316
zeev-149820,"Kamasutra Blaze Deodorant Spray 100 g",personal-care,100 g,60
zeev-149831,"Kamasutra Deo Rush Spray For Men 150 ml",personal-care,150 ml,60
pothys-snack-3196560,"Kannan Sweet Fried Gram Ball",biscuits-snacks,12 pcs,38
pothys-snack-3196783,"Kannan Sweet Kamarkattu",biscuits-snacks,24 pcs,38
pothys-snack-3196574,"Kannan Sweet Peanut Burfy Bar",biscuits-snacks,20 pcs,38
pothys-snack-3196715,"Kannan Sweet Raw Peanut Nice",biscuits-snacks,200 g,38
epeedika-grocery-1818,"Karingali Dahashamani 40g / Kalan Drugs & Remedies",rice-grains,40 g,19
epeedika-grocery-247,"Kashmiri Dry Chilly 250gm",rice-grains,250 g,88
epeedika-grocery-1960,"KasKas / Poppy seeds / Black",rice-grains,1 Unit,9
epeedika-grocery-28,"Kaveri Unda Matta 10 kg Bag",rice-grains,10 kg,515
epeedika-grocery-1400,"Kaveri Vadi Matta Rice 5 Kg ( Loose )",rice-grains,5 kg,315
epeedika-grocery-6,"Keerthi Vadi Matta rice 5 kg loose",rice-grains,5 kg,315
pothys-snack-2917255,"Kellogg's Berry Yoghurty Delight Bar",rice-grains,25 g,38
shysha-bakery-7942,"Kellogg's Muesli Fruits & Nuts 240g",rice-grains,240 g,38
zeev-4594,"Kelloggs Muesli No added sugar 500 g",oils-sugar,500 g,60
shysha-bakery-7939,"Kellogg’s Org Chocos 127g",rice-grains,127 g,38
shysha-bakery-7940,"Kellogg’s Org Chocos250g",rice-grains,250 g,38
shysha-bakery-7935,"Kellogg’s Org Corn Flakes 250g",rice-grains,250 g,40
shysha-bakery-7944,"Kellogg’s Pringles Desi Masala 102g",biscuits-snacks,102 g,40
shysha-bakery-7952,"Kellogg’s Pringles Original 110g",biscuits-snacks,110 g,38
shysha-bakery-7953,"Kellogg’s Pringles Peripari 110g",biscuits-snacks,110 g,38
shysha-bakery-7950,"Kellogg's Pringles Pizza Jar, Potato Chip 107 G",biscuits-snacks,107 g,40
shysha-bakery-7951,"Kellogg’s Pringles Tangy Tomato 120g",biscuits-snacks,120 g,38
epeedika-grocery-2194,"Kerala Honey 100 g",oils-sugar,100 g,77
pothys-snack-2916877,"Kerk Original Duluxe Crackers",biscuits-snacks,192 g,38
zeev-164713,"Keya Everyday Pink Salt 1 kg ( Pink Salt)",oils-sugar,1 kg,60
pothys-snack-2916422,"Keya Piri Piri",biscuits-snacks,80 g,38
pothys-snack-2917220,"Kinder Creamy Milky & Crunchy",biscuits-snacks,19 g,38
pothys-snack-3138574,"Kinder Joy Boys",biscuits-snacks,20 g,38
pothys-snack-2917707,"Kinder Joy Chocolate Rich & Creamy Natoons",biscuits-snacks,20 g * 3,38
shysha-bakery-3754,"Kinder Joy For Boys",biscuits-snacks,1 pack,40
shysha-bakery-3755,"Kinder Joy For Girls",biscuits-snacks,1 pack,40
pothys-snack-2916261,"Kinder Joy Girls",biscuits-snacks,20 g,38
zeev-40398,"Kissan Fresh Tomato Ketchup 1 kg",sauces-condiments,1 kg,60
zeev-154860,"Kissan Hazelnut Choco Peanut Spread 350 g",personal-care,350 g,60
zeev-22832,"Kissan Mixed Fruit Jam 700 g",sauces-condiments,700 g,60
zeev-47457,"Kissan Peanut Butter - Crunchy 350 g",sauces-condiments,350 g,60
epeedika-grocery-2102,"Kitchen Treasures Fenugreek (Uluva) 250g",spices,250 g,43
epeedika-grocery-2006,"Kitchen Treasures Ginger Garlic Paste 100g",sauces-condiments,100 g,37
epeedika-grocery-2099,"Kitchen Treasures Mustard Seeds (Kaduku) 100g",spices,100 g,16
shysha-bakery-3756,"Kitkat Chocolate",biscuits-snacks,1 pack,40
pothys-snack-2916971,"Kitkat Share Bag Chocolate Covered Wafer",biscuits-snacks,37.3 g,38
epeedika-grocery-2176,"KLF Coconad Coconut Milk Powder 100g",dairy,100 g,144
epeedika-grocery-136,"KLF Coconad Coconut Oil 900ml. Bottle",oils-sugar,900 ml,296
zeev-150785,"Knorr International Chinese Hot & Sour Chicken Soup 36 g",personal-care,36 g,60
zeev-150784,"Knorr Korean Ramen Spicy Kimchi Veg Meal 96 g",personal-care,96 g,60
pothys-snack-3141379,"Kodai Choco Beans",vegetables,100 g,38
pothys-snack-3141463,"Kodai Choco Beans Mini",vegetables,100 g,38
pothys-snack-3141546,"Kodai Choco Chips Milk",biscuits-snacks,100 g,38
pothys-snack-3141478,"Kodai Choco Chips White & Dark",biscuits-snacks,100 g,38
pothys-snack-3141568,"Kodai Coated Cashew Dark",biscuits-snacks,100 g,38
pothys-snack-3141663,"Kodai Coated Cashew White",biscuits-snacks,100 g,38
pothys-snack-3141636,"Kodai Dark Cashew",biscuits-snacks,100 g,38
pothys-snack-3141400,"Kodai Dark Coated Almond Chocolate",biscuits-snacks,100 g,38
pothys-snack-3141650,"Kodai Dark Crunchy Ball",biscuits-snacks,100 g,38
pothys-snack-3141588,"Kodai Fruit Jelly",biscuits-snacks,100 g,38
pothys-snack-3141419,"Kodai Fruit Jujups",biscuits-snacks,100 g,38
pothys-snack-3141403,"Kodai Imly Balls",biscuits-snacks,100 g,38
pothys-snack-3141649,"Kodai Kacha Mango",fruits,100 g,38
pothys-snack-3141471,"Kodai Mango Bar",fruits,100 g,38
pothys-snack-3141506,"Kodai Milk Cashew Chocolate",biscuits-snacks,100 g,38
pothys-snack-3141580,"Kodai Milk Coated Almond White",dairy,100 g,38
pothys-snack-3141423,"Kodai Milk Coated Cashew Chocolate",biscuits-snacks,100 g,38
pothys-snack-3141633,"Kodai Milk Crunchy",dairy,100 g,38
pothys-snack-3141363,"Kodai Milk Fruit&nut",dairy,100 g,38
pothys-snack-3141474,"Kodai Truffle Mango",fruits,100 g,38
pothys-snack-3141465,"Kodai Truffle Orange",fruits,100 g,38
pothys-snack-3141555,"Kodai Twister Chocolates",biscuits-snacks,100 g,38
pothys-snack-2917485,"Kopiko Cafe Blend",biscuits-snacks,5 * 25 g,38
pothys-snack-2917506,"Kopiko Malkist Sugar Crackers",oils-sugar,135 g,38
zeev-48052,"K.P. Namboodiris Aeda Soap - Sandal Herbal",personal-care,1 pc,60
zeev-48046,"K.P. Namboodiris Aeda Soap - Turmeric  Herbal",personal-care,1 pc,60
zeev-48045,"K.P. Namboodiris Dasapushpam Herbal Soap - Offer Pack",personal-care,1 pc,60
zeev-48054,"K.P. Namboodiris Herbal  Soap - Neem & Tulsi",personal-care,1 pc,60
pothys-snack-2917406,"Kravour Delicious Pineapple Flavour Wafer Biscuits",biscuits-snacks,120 g,38
pothys-snack-2917243,"Kravour Wafer Orange",fruits,120 g,38
pothys-snack-3467294,"Kravour Wafers No Added Sugar Cappuccino",biscuits-snacks,60 g,38
pothys-snack-3467421,"Kravour Wafers No Added Sugar Strawberry",biscuits-snacks,60 g,38
pothys-snack-3467362,"Kravour Wafers No Added Suger Choco",biscuits-snacks,60 g,38
pothys-snack-3467381,"Kravour Wafers No Added Suger Vanilla",biscuits-snacks,60 g,38
pothys-snack-2917244,"Kravour Wafer Strawberry",fruits,120 g,38
zeev-149822,"KS Deo Woman Enigma Perfume Spray 150 ml",personal-care,150 ml,60
zeev-149821,"K S Deo Woman Sparkle Perfume Spray 150 ml",personal-care,150 ml,60
epeedika-grocery-221,"Kudampuli 100gm",spices,100 g,30
epeedika-grocery-1253,"Kudampuli / Cambodge 60g Packet",spices,60 g,18
pothys-snack-3195888,"Kurkure Chatpata Cheese Flavour",biscuits-snacks,84 g,38
pothys-snack-2915997,"Kurkure Green Chutney Style",sauces-condiments,47 g,38
pothys-snack-3395445,"Kurkure Masala Munch",biscuits-snacks,50 g,38
pothys-snack-3139623,"Kurkure Naughty Tomatoes",biscuits-snacks,47 g,38
pothys-snack-3139655,"Kurkure Puffcorn",biscuits-snacks,40 g,38
zeev-42112,"Kwality Choco Fills 250 g",biscuits-snacks,250 g,60
zeev-149912,"Kwality Choco Fills Combo (Buy 1 Get 1 Free) 180 g",biscuits-snacks,180 g,60
zeev-149911,"Kwality Choco Flakes Combo (Buy 1 Get  1 Free) 250 g",biscuits-snacks,250 g,60
zeev-42113,"Kwality Corn Flakes 375 g",rice-grains,375 g,60
zeev-149913,"Kwality Corn Flakes Combo (Buy 1 Get 1 Free) 320 g",rice-grains,320 g,60
zeev-149903,"Kwality Fruit Rings Combo (Buy 1 Get 1) 200 g",biscuits-snacks,200 g,60
shysha-bakery-3806,"Ladu 1 Pcs",biscuits-snacks,1 pc,38
zeev-155068,"Lakme 9-5 Sunexpert Spring Matt Sunscreen Lotion 100 ml",personal-care,100 ml,60
zeev-48078,"Lakme 9 to 5 Vitamin C+ Face Serum, 30 ml",personal-care,30 ml,60
zeev-40682,"Lakme Absolute Perfect Radiance Skin Brightening Day Creme 50 g",personal-care,50 g,60
zeev-150480,"Lakme Blush & Glow Face Wash - Strawberry Creme 150 g",personal-care,150 g,60
zeev-150057,"Lakme Blush & Glow Fruity-Licious Sheet Mask - Kiwi 20 ml",fruits,20 ml,60
zeev-150025,"Lakme Blush & Glow Fruity-Licious Sheet Mask- Lemon 20 ml",vegetables,20 ml,60
zeev-149968,"Lakme Blush & Glow Fruity-Licious Sheet Mask - Pomegranate  20 ml",fruits,20 ml,60
zeev-150002,"Lakme Blush & Glow Fruity-Licious Sheet Mask -Strawberry 20 ml",fruits,20 ml,60
zeev-150007,"Lakme Blush & Glow Fruity-Licious Sheet Mask - Watermelon 20 ml",fruits,20 ml,60
zeev-48079,"Lakme Lip Love Chapstick Cherry, Lip Balm",personal-care,1 pc,60
zeev-17132,"Lakme Peach Milk Moisturiser Body Lotion 120 ml",personal-care,120 ml,60
zeev-15448,"Lakme Peach Milk Moisturiser SPF 24 PA Sunscreen Lotion 120 ml",dairy,120 ml,60
zeev-152091,"Lakme Peach Milk Soft Creme Moisturizer 200 g",personal-care,200 g,60
zeev-150389,"Lakme Peach Milk Ultra Light Weight Gel 100 g",dairy,100 g,60
zeev-150325,"Lakme Skin Solution Revitalizing Sheet Face Mask 25 ml",personal-care,25 ml,60
zeev-155061,"Lakme Sun Expert Sun Screen - NIA-C SPF 50 PA++++ 56 g",personal-care,56 g,60
pothys-snack-3141467,"Lakshme's Double Bar Peanut Candy",biscuits-snacks,115 g,38
pothys-snack-3141434,"Lakshme's Groundnut Balls",biscuits-snacks,12 pcs,38
pothys-snack-3467295,"Lakshme's Nice Peanut Candy",biscuits-snacks,250 g,38
pothys-snack-3468600,"Lakshme's Peanut Candy Groundnut",biscuits-snacks,200 g,38
pothys-snack-3141447,"Lakshme's Puffed Rice Balls",rice-grains,8 pcs,38
pothys-snack-3196948,"Lakshme's Sesame Balls White",biscuits-snacks,15 pcs,38
pothys-snack-3194648,"Lal Doodh Peda",biscuits-snacks,200 g,38
pothys-snack-3763293,"Lal Festive Delight",biscuits-snacks,400 g,38
pothys-snack-3763298,"Lal Festive Dhamaka",biscuits-snacks,400 g,38
pothys-snack-3194776,"Lal Horlicks Burfi",beverages,200 g,38
pothys-snack-4162180,"Lal Masti cornflakes Mixture",biscuits-snacks,150 g,38
pothys-snack-4162178,"Lal Masti Garlic Mixture",biscuits-snacks,150 g,38
pothys-snack-4162169,"Lal Masti Munchies Masala Peanuts",biscuits-snacks,150 g,38
pothys-snack-3194553,"Lal Milk Cake",biscuits-snacks,200 g,38
pothys-snack-3763299,"Lal Royal Celebration",biscuits-snacks,800 g,38
pothys-snack-3763300,"Lal Royal Treat",biscuits-snacks,400 g,38
pothys-snack-3194497,"Lal Shahi Soan Papdi",biscuits-snacks,200 g,38
pothys-snack-3195658,"Lavian Black Forest",biscuits-snacks,520 g,38
pothys-snack-3138644,"Lavian Choco Truffles Assorted",biscuits-snacks,230 g,38
pothys-snack-3139175,"Lavian Chokito Cappuccino",biscuits-snacks,910 g,38
pothys-snack-3139176,"Lavian Chokito Caramel",biscuits-snacks,780 g,38
pothys-snack-3197160,"Lavian Chokito Hazelnut",biscuits-snacks,864.5 g,38
pothys-snack-3395156,"Lavian Double Choco Brownie Cake",biscuits-snacks,28 g,38
pothys-snack-3395457,"Lays American Style Cream And Onion",biscuits-snacks,52 g,38
pothys-snack-3136696,"Lay's American Style Cream & Onion",biscuits-snacks,177 g,38
shysha-bakery-8070,"Lay's Chips – West Indies Hot N Sweet Chili",biscuits-snacks,1 pack,40
pothys-snack-2917701,"Lays Gourmet Potato Chips, Lime & Cracked Pepper",biscuits-snacks,55 g,38
pothys-snack-2917700,"Lays Gourmet Potato Chips Vintage Cheese & Paprika",biscuits-snacks,55 g,38
pothys-snack-2915998,"Lay's India's Magic Masala",biscuits-snacks,52 g,38
shysha-bakery-8065,"Lay's Potato Chips – American Style Cream & Onion Flavour, 24 g Pouch",biscuits-snacks,24 g,38
pothys-snack-3140497,"Lay's Potato Chips - Hot n Sweet Chilli",biscuits-snacks,44 g,38
shysha-bakery-8067,"Lay's Potato Chips – Indian Magic Masala",biscuits-snacks,1 pack,38
shysha-bakery-8072,"Lay's Potato Chips – Spanish Tomato Tango, 12 g Pouch",biscuits-snacks,12 g,38
shysha-bakery-8885,"Lays Sizzlin Hot 23gm",biscuits-snacks,23 g,38
pothys-snack-3136256,"Lay's Spanish Tomoto Tango",biscuits-snacks,95 g,38
pothys-snack-3197161,"Lays Wafer Style Salt With Pepper",biscuits-snacks,57 g,38
zeev-48134,"Let's Bite Active Adult Dry Cat Food, Fish, 500 g",fish,500 g,60
zeev-48138,"Let's Bite Active Persian Adult Dry Cat Food, Fish 500 g",fish,500 g,60
zeev-14076,"Lever Ayush Natural Fairness Saffron Soap 100 g",personal-care,100 g,60
zeev-30447,"Lever Ayush Purifying Turmeric Soap 100 g",personal-care,100 g,60
epeedika-grocery-138,"Leveza Chicken Nuggets 1 Kg / Frozen",meats,1 kg,400
zeev-46133,"Lexus Bathing Soap 125 g",personal-care,125 g,60
epeedika-grocery-1209,"L G Asafoetida Powder 100 g (Kayam podi)",spices,100 g,181
epeedika-grocery-1738,"LG Kayam Podi 15g \ Asafoetida Powder",spices,15 g,24
epeedika-grocery-1134,"L.G Stone Kayam / Asafoetida 100 Gm",spices,100 g,178
instamart-drink-limca-limca-lime-n-lemoni-soft-drink-bottle,"Limca Lime 'n' Lemoni Soft Drink Bottle",beverages,750 ml,156
pothys-snack-2916767,"Lindt Excellence 85% Cocoa Dark Chocolate",biscuits-snacks,100 g,38
pothys-snack-2916768,"Lindt Excellence Dark Chocolate 70% cocoa",biscuits-snacks,100 g,38
zeev-158660,"Lindt Lindor Chocolate - Hazelnut 200 g",biscuits-snacks,200 g,60
zeev-48910,"Lindt Lindor Smooth Chocolate Assorted 200 g",biscuits-snacks,200 g,60
zeev-48911,"Lindt Lindor Smooth Melting Milk Chocolate Cornet 200 g",biscuits-snacks,200 g,60
zeev-42748,"Lion Kashmir - Honey 1 Kg",oils-sugar,1 kg,60
zeev-43965,"Lion Kashmir - Honey 250 g",oils-sugar,250 g,60
zeev-42750,"Lion Kashmir - Honey 500 g",oils-sugar,500 g,60
zeev-42051,"Lion Mixed Fruit Jam 250 g",sauces-condiments,250 g,60
zeev-42052,"Lion Mixed Fruit Jam 500 g",sauces-condiments,500 g,60
zeev-3966,"Lipton Green Tea Bags - Honey Lemon 25 pcs",beverages,25 pcs,60
zeev-4040,"Lipton Green Tea - Honey, Lemon 100 g",beverages,100 g,60
zeev-3991,"Lipton Green Tea - Tulsi Natura 25 pcs",beverages,25 pcs,60
zeev-22996,"Liril Cooling Mint Soap 125 g",personal-care,125 g,60
zeev-45574,"Liril Lime Rush Soap   (Buy 3 Get 1 Free) 125 g",personal-care,125 g,60
pothys-snack-3136279,"Lotte Cara Milk Eclairs",biscuits-snacks,396 g,38
pothys-snack-3140021,"Lotte Caramilk Stick",biscuits-snacks,23 g,38
pothys-snack-3139600,"Lotte Choco Pie",biscuits-snacks,2 pcs,38
pothys-snack-3140414,"Lotte Coconut Punch",biscuits-snacks,23 g,38
pothys-snack-3139125,"Lotte Coffy Bite",biscuits-snacks,380 g,38
pothys-snack-3139943,"Lotte Coffy Bite Mocha Stick",biscuits-snacks,30.6 g,38
pothys-snack-3139055,"Lotte Eclairs Choco",biscuits-snacks,360 g,38
pothys-snack-2917610,"Lotte Fruito Pie Cream Filled",biscuits-snacks,276 g,38
pothys-snack-3139784,"Lotte Fruitz Eclairs Added Mango Flavour",biscuits-snacks,260 g,38
pothys-snack-3140588,"Lotte Fruitz Eclairs Added Strawberry Flavour",biscuits-snacks,260 g,38
pothys-snack-3140614,"Lotte Seasons Greetings",biscuits-snacks,439 g,38
pothys-snack-3137968,"Loyka Almond Brittle Brownie",biscuits-snacks,200 g,38
pothys-snack-3475684,"Loyka Almond Brittle Coffee Chocolate",biscuits-snacks,4 pcs,38
pothys-snack-3475189,"Loyka Almond Brittle Hazelnut Bullet",biscuits-snacks,75 g,38
pothys-snack-3475682,"Loyka Almond Brittle No Added Sugar",oils-sugar,50 g,38
pothys-snack-2917551,"Loyka Almond Brittle Spella Buttery Almond Fingers",biscuits-snacks,200 g,38
shysha-bakery-10039,"Lucio Greeting Strawberry Truffles 250gm",fruits,250 g,40
zeev-158429,"Lux Advanced Radiant Glow Rose Vit C+E Soap MultiPack 750 g",personal-care,750 g,60
zeev-48039,"Lux Bright Glow Jasmine & Vitamin E Bathing Soap BUY 4 GET 1",personal-care,1 pc,60
zeev-152053,"Lux Flawless Glow Jasmin Vitamin C+E- Buy 4 Get 1 Free 150*4 g",personal-care,4 g,60
zeev-48051,"Lux Soap Soft Glow Rose & Vitamin E (Buy 4 Get 1 Free) 5 x100g",personal-care,100 g,60
zeev-49044,"Lux Soft Skin Body Wash French Rose & Almond Oil  750 ml",personal-care,750 ml,60
epeedika-grocery-2394,"Maggi (280g) 2-Minute Instant Noodles Masala, Pouch",biscuits-snacks,280 g,56
epeedika-grocery-2395,"Maggi 2-Minute Masala Instant Noodles 70 g",biscuits-snacks,70 g,15
zeev-164655,"Maharishi Ayurveda Himalayan Pink Salt 500 g",oils-sugar,500 g,60
zeev-164656,"Maharishi Ayurveda Jaggery Powder 500 g",oils-sugar,500 g,60
zeev-164654,"Maharishi Cow Ghee 500 ml (Cow Ghee)",dairy,500 ml,60
pothys-snack-4567324,"Makhana",biscuits-snacks,1 pack,38
pothys-snack-2917291,"Malkist Cappuccino Crackers",biscuits-snacks,138 g,38
pothys-snack-3139942,"Malkist Cheese Flavoured",dairy,138 g,38
shysha-bakery-8616,"Malkist Cheese Flavoured Cracker Biscuits 144 g Pouch",biscuits-snacks,144 g,38
shysha-bakery-8621,"Malkist Chocolate Flavoured Cracker Biscuits 144 g Pouch",biscuits-snacks,144 g,40
epeedika-grocery-248,"Malli- Coriander 250gm",spices,250 g,52
zeev-158350,"Mamaearth Vitamin C Moisturizing Lotion Soap Buy 3 Get 1 Free 500 g",personal-care,500 g,60
pothys-snack-3137750,"Manimark Andhra Muruku",biscuits-snacks,150 g,38
pothys-snack-3136924,"Manimark Black Sesame Balls",biscuits-snacks,65 g,38
pothys-snack-3137593,"Manimark Coconut Laddu",biscuits-snacks,80 g,38
pothys-snack-3136920,"Manimark Fried Gram Balls",biscuits-snacks,100 g,38
pothys-snack-3136921,"Manimark Kamarkat",biscuits-snacks,80 g,38
pothys-snack-3197195,"Manimark Mixture",biscuits-snacks,200 g,38
pothys-snack-3197196,"Manimark Nice Badam",biscuits-snacks,1 pack,38
pothys-snack-3136922,"Manimark Peanut Balls",biscuits-snacks,100 g,38
pothys-snack-3137751,"Manimark Pepper Mottas",biscuits-snacks,140 g,38
pothys-snack-3197216,"Manimark Poori Urandai",biscuits-snacks,100 g,38
pothys-snack-3137892,"Manimark Seeval",biscuits-snacks,1 pack,38
pothys-snack-3136923,"Manimark Sesame Balls",biscuits-snacks,80 g,38
pothys-snack-3137909,"Manimark White Ellu Burfy",biscuits-snacks,140 g,38
epeedika-grocery-237,"Manjal / DryTurmeric 250gm",spices,250 g,58
zeev-48049,"Margo Bathing Soap - Original Neem (Buy 4 Get 1 Free) 100 g",personal-care,100 g,60
pothys-snack-3417138,"Mars Miniatures",biscuits-snacks,150 g,38
epeedika-grocery-301,"Masoor Dal 500gm \ Red parippu",pulses-legumes,500 g,47
epeedika-grocery-1734,"Matta AVAL 500g- Pavizham",rice-grains,500 g,49
epeedika-grocery-2227,"Matta Broken Rice 500g ( Podiyari ) Unifolks",rice-grains,500 g,40
zeev-159355,"Matta Short Grain Rice 5 kg",rice-grains,5 kg,60
pothys-snack-2917512,"Mayora Coffee Joy",beverages,50 g,38
pothys-snack-3548362,"Mayora Coffee Joy Biscuits",biscuits-snacks,90 g,38
pothys-snack-2917338,"Mayora Go Choco Rollz",biscuits-snacks,72 g,38
pothys-snack-2917108,"Mayora Malkist Cheese",dairy,72 g,38
pothys-snack-3566328,"Mayora Malkist Chocolate Cracker Biscuit",biscuits-snacks,138 g,38
pothys-snack-3397690,"Mcaffeine Naked & Rich Choco Body Butter",personal-care,250 ml,38
pothys-snack-2916272,"McCain Potato Cheese Shotz",dairy,250 g,38
pothys-snack-2916273,"McCain Smiles",biscuits-snacks,175 g,38
pothys-snack-3140704,"Mcvities Biscuit Dark Cookie Cream",biscuits-snacks,120 g,38
pothys-snack-3140575,"Mcvities Butter Cookies",biscuits-snacks,200 g,38
pothys-snack-2917133,"Mcvities Cheese Cracker",dairy,120 g,38
pothys-snack-2917719,"Mcvities Dark Cookie Orange Cream",biscuits-snacks,120 g,38
pothys-snack-3139702,"Mcvities Digestive Biscuits",biscuits-snacks,200 g,38
pothys-snack-3139739,"Mcvities Digestive Dark Chocolate",biscuits-snacks,200 g,38
pothys-snack-3139139,"McVities Ginger Cookies Offer Combo Pack",biscuits-snacks,16 * 600 g,38
pothys-snack-2916708,"McVities Marie Biscuts",biscuits-snacks,68 g,38
pothys-snack-2916972,"McVities Oat Cookies",biscuits-snacks,600 g,38
pothys-snack-2916593,"McVities Orange Creams Biscuits",biscuits-snacks,70 g,38
pothys-snack-2917115,"Mcvities Whole Wheat 5 Grain Cracker",rice-grains,120 g,38
pothys-snack-2916709,"McVities Wholewheat Marie Biscuts",biscuits-snacks,250 g,38
zeev-45580,"Medimix Bathing Soap - Ayurvedic Sandal (pack of 3)",personal-care,1 pc,60
zeev-48142,"Medimix Clasic Ayurvedic Soap (Pack of 4) 75 g",personal-care,75 g,60
zeev-45579,"Medimix Clear Glycerine Soap - Deep Hydration (Lakshadi Oil & Aloe Vera) 3*100 g",personal-care,100 g,60
zeev-41558,"Medimix Clear Glycerine Soap - Natural Toning (Tea Tree Oil & Honey)",personal-care,1 pc,60
zeev-48102,"Medimix Transparent with Glycerine and Lakshadi Oil Soap - Multipack",personal-care,1 pc,60
zeev-49254,"Mellow  Hand Wash Combo Pack  300*2 ml",personal-care,2 ml,60
zeev-49264,"Memories Sandwich Biscuit - Vanila  90 g",biscuits-snacks,90 g,60
pothys-snack-3136298,"Mentos Assorted Flavors",biscuits-snacks,156 g,38
pothys-snack-3136299,"Mentos Mint Chewy Dragees",biscuits-snacks,36.4 g,38
pothys-snack-3137659,"Mentos Orange Flavour",biscuits-snacks,31 g,40
pothys-snack-3137327,"Mentos Pure Breath Fresh Mint",biscuits-snacks,56 g,38
pothys-snack-3136300,"Mentos Rainbow",biscuits-snacks,36.4 g,38
shysha-bakery-7029,"Meriba Packaged Drinking Water 1 L",beverages,1 L,38
shysha-bakery-7032,"Meriba Packaged Drinking Water 2 L",beverages,2 L,38
pothys-snack-2916834,"Mido Chocolate Eclairs Heart Chocolate",biscuits-snacks,350 g,38
pothys-snack-3137395,"Mido Eclaris Chocolate",biscuits-snacks,700 g,38
pothys-snack-2916835,"Mido Honey Eclairs Chocolate",biscuits-snacks,300 g,38
pothys-snack-2916836,"Mido Milk Eclairs Chocolate",biscuits-snacks,750 g,38
pothys-snack-2916937,"Mido Milk Eclairs Heart Chocolate",biscuits-snacks,350 g,38
pothys-snack-2917311,"Mido Milky Perfect Chocolate",biscuits-snacks,300 g,38
pothys-snack-3137577,"Milkybar Choo Classic",biscuits-snacks,12 g,38
pothys-snack-3395208,"Milky Bar Choo Mixfrt",biscuits-snacks,11 g,38
pothys-snack-3395175,"Milky Bar Play Puzzle Game",biscuits-snacks,25 g,38
pothys-snack-3449595,"Milky Mist Capella Dark Chocolate 70% Orange",biscuits-snacks,80 g,38
pothys-snack-3449594,"Milky Mist Capella Dark Chocolate Fruit&Nut",biscuits-snacks,125 g,38
zeev-163789,"Milky Mist Cheese Cake N Red Velvet 1 kg",biscuits-snacks,1 kg,60
zeev-2162,"Milky Mist Ghee 500 ml",dairy,500 ml,60
zeev-42097,"Milky Mist Gulab Jamun Mix 200 g",biscuits-snacks,200 g,60
pothys-snack-3449593,"Milky Mist Milk Capella Chocolate Classic",biscuits-snacks,80 g,38
pothys-snack-3449592,"Milky Mist Milk Capella Chocolate Fruit&Nut",biscuits-snacks,125 g,38
zeev-159354,"Milky Mist Sweetened Condensed Milk 395 g",dairy,395 g,60
epeedika-grocery-1244,"Milma Ghee 100 ml",dairy,100 ml,80
zeev-163944,"Milton Disny Kool Cheer Thermo Steel W/B 400 ml (Water Bottle)",storage-containers,400 ml,60
zeev-163941,"Milton Kool Elite Thermo Steel Water Bottle 600 ml",storage-containers,600 ml,60
zeev-163943,"Milton Magna Steel W/B 600 ml (Water Bottle Steel)",storage-containers,600 ml,60
zeev-163947,"Milton Marvel Sipstar 750 ml (Water Bottle)",storage-containers,750 ml,60
zeev-163942,"Milton Metro Meal Jr Steel Tiffin Box 1 pc",storage-containers,1 pc,60
zeev-163939,"Milton Rev Steel Water Bottle 750 ml",storage-containers,750 ml,60
shysha-bakery-6439,"Mirinda Orange 250 ml",beverages,250 ml,40
zeev-158096,"Mirinda Soft Drink - Orange  2.25 l",beverages,2.25 L,60
shysha-bakery-3721,"Mirinta 2.25ltr",biscuits-snacks,2.25ltr,38
shysha-bakery-3720,"Mirinta 750ml",biscuits-snacks,750 ml,38
pothys-snack-3136795,"Modern - Choco Cheer Cake",biscuits-snacks,130 g,38
pothys-snack-3138716,"Mom & Pop Corainder Powder Stand Pouch",biscuits-snacks,50 g,40
pothys-snack-3138887,"Mom & Pop Mutton Masala",spices,100 g,38
zeev-158357,"Morelight Liquid Detergent 5 l",cleaning-household,5 L,60
zeev-158349,"Morelight Liquid Detergent Pouch 5 l",cleaning-household,5 L,60
zeev-45653,"Moti Luxury Bath Soap, Sandal, 75 g",personal-care,75 g,60
shysha-bakery-9444,"Mountain Dew Soft Drink, 750 ml",beverages,750 ml,40
pothys-snack-3787439,"MTR Sweet Surprise",biscuits-snacks,1 kg,38
epeedika-grocery-1251,"Mulaku kondattam 10.rs packet",rice-grains,1 Unit,9
pothys-snack-3137005,"Munch Yummy Treats Pouch",biscuits-snacks,160. g,38
epeedika-grocery-288,"Muthira -Horsegram) 500 gm",pulses-legumes,500 g,37
pothys-snack-3137820,"Naach Cheesy Badam",biscuits-snacks,200 g,38
pothys-snack-2917312,"Naach Chilly Almond",biscuits-snacks,200 g,38
pothys-snack-3197167,"Naach Coconut Chips",biscuits-snacks,40 g,38
pothys-snack-3195695,"Naach Kuthiraivali Mixture",biscuits-snacks,40 g,38
pothys-snack-3139262,"Naach Saamai Kara Boondhi",biscuits-snacks,40 g,38
pothys-snack-2917146,"Naach Salty Roasted Almonds Pepper",biscuits-snacks,30 g,38
pothys-snack-3395357,"Nabati Choco Waffer",biscuits-snacks,30 g,38
pothys-snack-3137718,"Nabati Wafer Pink Lava",biscuits-snacks,37 g,38
pothys-snack-3138563,"Naga Gulab Jamun Mix",biscuits-snacks,200 g,38
epeedika-grocery-1590,"Natural Groundnut / Peanut / Pacha Kappalandi  250g",rice-grains,250 g,40
pothys-snack-2916973,"Nature N Nature Gold Coin Milk Choco Chocolates",biscuits-snacks,60 g,38
pothys-snack-2916528,"Nature N Nature Milk White Choco Coin",dairy,60 g,38
pothys-snack-2916868,"Nature N Nature Pink Coin Strawberry Milk Chocolate",biscuits-snacks,60 g,38
epeedika-grocery-315,"Nescafe Classic Coffee Powder Jar 24gm",beverages,24 g,124
pothys-snack-3137039,"Nestle Bar One",biscuits-snacks,12 g,38
pothys-snack-3195554,"Nestle Classic",biscuits-snacks,36 g,38
pothys-snack-3136985,"Nestle Classic Chocolate",biscuits-snacks,36 g,38
pothys-snack-3417181,"Nestle Classic Great Taste",biscuits-snacks,180 g,38
pothys-snack-3136716,"Nestle KitKat",biscuits-snacks,18 g,38
pothys-snack-2917503,"Nestle Kit Kat 2 Finger",biscuits-snacks,17.5 g,40
pothys-snack-3137784,"Nestle Kitkat 2F Mini Duo",biscuits-snacks,12.8 g,38
pothys-snack-3608426,"Nestle Kit Kat Chunky",biscuits-snacks,43 g,38
pothys-snack-3195448,"Nestle KitKat Dessert Delight Choco Pudding",biscuits-snacks,50 g,38
pothys-snack-2916917,"Nestle Kitkat Dessert Delight Rich Chocolate Fudge Bars",biscuits-snacks,150 g,38
pothys-snack-3139519,"Nestle KitKat Dessert Delight Truffle",biscuits-snacks,50 g,38
pothys-snack-3418338,"Nestle Kit Kat pouch",biscuits-snacks,123.2 g,38
pothys-snack-2916344,"Nestle Milkybar",biscuits-snacks,42 g,38
pothys-snack-2917142,"Nestle Milkybar Moosha Caramel + Nougat Bar",biscuits-snacks,42 g,38
shysha-bakery-3760,"Nestle Munch",biscuits-snacks,1 pack,40
pothys-snack-3418139,"Nestle Munch Crunch Cereals",biscuits-snacks,300 g,38
pothys-snack-2917762,"Nestle Munch Max Chocolate Coated Wafer",biscuits-snacks,42 g,38
pothys-snack-3136714,"Nestle Munch Nuts",biscuits-snacks,32 g,38
pothys-snack-3417753,"Nestle Munch pouch",biscuits-snacks,160,38
pothys-snack-3140032,"Nestle Polo Mint Roll",biscuits-snacks,12 g,38
zeev-16575,"Nivea Bath Care Shower - Water Lily Oil 250 ml",personal-care,250 ml,60
zeev-22694,"Nivea Body Lotion - Express Hydration 400 ml 400 ml",personal-care,400 ml,60
zeev-155929,"Nivea Cocoa Nourish Body Lotion 400 ml",personal-care,400 ml,60
zeev-155920,"Nivea Cool Kick Deo Roll On 25 ml",personal-care,25 ml,60
zeev-155899,"Nivea Deodorant -Cool Kick Men 200 g",personal-care,200 g,60
zeev-46737,"Nivea Deodorant Roll On, Protect & Care 150 ml",personal-care,150 ml,60
zeev-45675,"Nivea Deodorant Roll On, Protect & Care 50 ml",personal-care,50 ml,60
zeev-12781,"Nivea Frangipani & Oil Shower Gel 250 ml",personal-care,250 ml,60
zeev-155922,"Nivea Fresh Active Deo Roll On 25 ml",personal-care,25 ml,60
zeev-23009,"Nivea Fresh Natural Deodorant 150 ml",personal-care,150 ml,60
zeev-19815,"Nivea Fresh Natural Roll On 50 ml",personal-care,50 ml,60
zeev-32172,"Nivea Lemon & Oil Shower Gel 250 ml",personal-care,250 ml,60
zeev-45676,"Nivea Men Deodorant, Fresh Ocean 50 ml",personal-care,50 ml,60
zeev-45956,"Nivea Men Deodorant Roll On, Silver Protect 50 ml",personal-care,50 ml,60
zeev-19360,"Nivea Men Fresh Power Deodorant Roll-On With Fresh Musk Scent 50 ml",personal-care,50 ml,60
zeev-45953,"Nivea Men Roll-On Deodorant, Cool Kick, 50 ml",personal-care,50 ml,60
zeev-42978,"Nivea Pearl and Beauty Deodorant Roll-On 25 ml",personal-care,25 ml,60
zeev-45516,"Nivea Pearl and Beauty Deodorant Roll-On 50 ml",personal-care,50 ml,60
zeev-29021,"Nivea Pearl & Beauty Deodorant 150 ml",personal-care,150 ml,60
zeev-48833,"Nivea Pearl Beauty Roll On Black Deodorant  50 ml",personal-care,50 ml,60
zeev-32173,"Nivea Roll On -Fresh Active (For Men) 50 ml",personal-care,50 ml,60
zeev-34496,"Nivea Shea Smooth Body Milk - For Dry Skin 400 ml",personal-care,400 ml,60
zeev-31156,"Nivea Soft - Light Moisturiser 200 ml",personal-care,200 ml,60
zeev-14527,"Nivea Soft - Light Moisturiser 300 ml",personal-care,300 ml,60
zeev-45674,"Nivea Whitening Sensitive Roll On 50 ml",personal-care,50 ml,60
zeev-28257,"Nivea Whitening Smooth Skin Deodorant Roll-On 50 ml",personal-care,50 ml,60
zeev-45320,"Nivea Women Deodorant, Deo Milk Sensitive 150 ml",personal-care,150 ml,60
pothys-snack-3195499,"N-joy Ginger Candy",biscuits-snacks,80 g,38
pothys-snack-3195500,"N-joy Kokko Candy Bitz Box",biscuits-snacks,165 g,38
pothys-snack-3197141,"N-Joy Peanut Candy",biscuits-snacks,210 g,38
pothys-snack-3195501,"N-joy Peanut Candy Bitz Pouch",biscuits-snacks,175 g,38
pothys-snack-3195502,"N-joy Peanut Chikki Rounds",biscuits-snacks,175 g,38
pothys-snack-3195450,"N-Joy Sesame Candy",biscuits-snacks,120 g,38
instamart-drink-noice-noice-jeera-masala-soda-made-with-real-,"NOICE Jeera Masala Soda (Made With Real Jeera Powder)",beverages,750 ml,59
zeev-149901,"Oake Cleenex Box Tissue Combo Pack 1 pack",cleaning-household,1 pack,60
zeev-157926,"Olay Regenerist Advanced Anti Ageing Micro Sculpting Skin Cream Moisturizer 50 g",personal-care,50 g,60
zeev-158403,"Olay Regenerist Micosculpting Serum 50 g",personal-care,50 g,60
zeev-48018,"Olay Total Effect Day Cream Normal 50 g",personal-care,50 g,60
zeev-158402,"Olay Total Effects 7 In One Night Cream 50 g",personal-care,50 g,60
zeev-150022,"Olay Touch Of Foundation Cream 50 g",personal-care,50 g,60
zeev-46723,"Old Spice Deodorant Body Spray - Amber 140 ml",personal-care,140 ml,60
zeev-46145,"Old Spice Deodorant Body Spray - Krakengard 140 ml",personal-care,140 ml,60
zeev-46787,"Old Spice Deodorant Body Spray - Nomad 140 ml",personal-care,140 ml,60
zeev-46143,"Old Spice Deodorant Body Spray - Timber 150 ml",personal-care,150 ml,60
zeev-46144,"Old Spice Deodorant Body Spray - Wolfthorn 140 ml",personal-care,140 ml,60
zeev-47441,"Oral-B Cavity Defense 123 Toothbrush - Soft (Pack of 6)",personal-care,1 pc,60
zeev-49405,"Oral-B  Cavity Defense Charcoal Soft 	 4 pcs",personal-care,4 pcs,60
zeev-47437,"Oral-B Cavity Defense Charcoal ToothBrush Medium Pack of 4",personal-care,1 pc,60
zeev-149907,"Oral-B Criss Cross  Anti-Plaque Indicator  (B2G2)  Medium Tb 4 pcs",personal-care,4 pcs,60
zeev-47438,"Oral-B CrissCross Anti-Plaque with Neem Toothbrush - Soft (Buy 2 Get 2 Free)",personal-care,1 pc,60
zeev-149905,"Oral-B Crisscross Charcoal Extra Soft  (Buy 2 Get 1 FREE) 3 pcs",personal-care,3 pcs,60
zeev-47435,"Oral-B CrissCross Gum Care Toothbrush - Medium (Buy 2 Get 2 Free) 1 pack",personal-care,1 pack,60
zeev-44379,"Oral-B Pro-Health Criss Cross Charcoal Toothbrush 1 pack",personal-care,1 pack,60
zeev-46605,"Oral-B Pro-Health CrissCross with Neem Extract Toothbrush - Soft (Buy 2 Get 2)",personal-care,1 pc,60
zeev-163846,"Oral B Sensitive & Gums G&D C Extra Soft 4 pack",personal-care,4 pack,60
zeev-49470,"Oral-B Sensitive & Gums Precision Clean Extrasofr (Buy 2 Get 2 Free)  pcs",personal-care,1 pc,60
zeev-49233,"Oral-B Sensitive Ultrathin  Extra Soft Buy 2 Get 1 Free - Toothbrush 3 pcs",personal-care,3 pcs,60
zeev-36202,"Oral-B Toothbrush - Pro-Health Anti-Bacterial Soft 1 pack",personal-care,1 pack,60
zeev-46596,"Oral-B Toothbrush with Clove Extract, Extra Soft (Buy 2 Get 1 Free)",personal-care,1 pc,60
pothys-snack-3139884,"Orbit Lemon & Lime",vegetables,4.4 g,38
pothys-snack-3449582,"Orbit Mix Fruit",biscuits-snacks,6.6 g,38
pothys-snack-3449520,"Orbit Sugar Free Chewing Gum Sweetmint",biscuits-snacks,22 g,38
pothys-snack-3605863,"Oreo Choco Creme Chocolate Sandwich",biscuits-snacks,481.25 g,38
pothys-snack-2917424,"Orion Choco Pie",biscuits-snacks,20 pcs,38
pothys-snack-3138608,"Orion Mango Choco Pie",fruits,6 * 168 g,38
pothys-snack-3138940,"Orion Orange Choco Pie",fruits,12 pcs,38
pothys-snack-3138840,"Orion Real Strawberry Choco Pie",fruits,6 * 168 g,38
pothys-snack-3196789,"Orion Strawberry Choco Pie",fruits,500 g,38
pothys-snack-2917768,"Orion The Ultimate Choco Chip Cookies",biscuits-snacks,100 g,38
pothys-snack-3138645,"Orion Turtle Chips Hot Lime Flavour",biscuits-snacks,70 g,38
pothys-snack-3138965,"Orion Turtle Chips Masala Corn Chip",biscuits-snacks,70 g,38
pothys-snack-3138893,"Orion Turtle Sour Cream Corn Chip",biscuits-snacks,70 g,38
pothys-snack-3138894,"Orion Turtle Spicy Devil Corn Chip",biscuits-snacks,70 g,38
pothys-snack-3138667,"Orion Turtle Tangy Tomato Corn Chip",vegetables,70 g,38
zeev-157928,"Pampers All Round Protection Pants 58 nos",baby-family,58 pcs,60
zeev-157958,"Pampers All Round Protection Pants - Xl 68 pcs",baby-family,68 pcs,60
zeev-156160,"Pampers Diaper Pants -Medium 44 nos",baby-family,44 pcs,60
zeev-156166,"Pampers Diaper Pants - XL 32 pcs",baby-family,32 pcs,60
zeev-20280,"Pampers New Diapers Pants, Small 32 pcs",baby-family,32 pcs,60
zeev-38595,"Pampers New Dry Large Pants - Large 44 pcs",baby-family,44 pcs,60
zeev-20848,"Pampers Pampers New Diapers Pants, Medium 23 pcs",baby-family,23 pcs,60
zeev-157927,"Pampers Pants - Small, Lotion With Aloe 52 nos",baby-family,52 pcs,60
zeev-18350,"Pampers Premium Care Small Diapers 72 pcs",baby-family,72 pcs,60
epeedika-grocery-1822,"Panam Kalkandam -10 rs/- pack",oils-sugar,1 Unit,10
instamart-drink-paper-boat-paper-boat-lime-lemon-flavoured-sp,"Paper Boat Lime & Lemon Flavoured Sparkling Water",vegetables,750 ml,230
instamart-drink-paper-boat-paper-boat-yuzu-orange-sparkling-w,"Paper Boat Yuzu Orange Sparkling water, Zero Sugar, Zero Calories",oils-sugar,750 ml,240
instamart-drink-paper-boat-paper-boat-zero-prebiotic-soda-cra,"Paper Boat Zero Prebiotic Soda Cranberry Lime, 5g Fibre, Caffeinated Sugar Free Cold Drink",beverages,750 ml,50
instamart-drink-paper-boat-paper-boat-zero-prebiotic-soda-yuz,"Paper Boat Zero Prebiotic Soda Yuzu Orange, 5g Fibre, Caffeinated Sugar Free Cold Drink",beverages,750 ml,54
instamart-drink-paper-boat-paper-boat-zero-sugar-cranberry-li,"Paper Boat Zero Sugar Cranberry Lime Sparkling Water, Sugar Free Cold Drink",oils-sugar,750 ml,118
instamart-drink-paper-boat-paper-boat-zero-sugar-mint-mojito-,"Paper Boat Zero Sugar Mint Mojito Sparkling Water, Sugar Free Cocktail Mixer",oils-sugar,750 ml,60
instamart-drink-paper-boat-paper-boat-zero-sugar-sparkling-co,"Paper Boat Zero Sugar Sparkling Coffee Dark Roast, Sugar Free Coffee Drink",beverages,750 ml,230
epeedika-grocery-1410,"Pappadam 100 Gm Loose",sauces-condiments,100 g,20
epeedika-grocery-2017,"Parachute 100% Pure Coconut Oil 100 ml",personal-care,100 ml,64
shysha-bakery-3815,"Parippu Vada 1 pcs",biscuits-snacks,1 pc,38
zeev-48042,"Park Avenue Bathing Soap - Cool Blue  Buy 3 Get 1 Free 125 g",personal-care,125 g,60
zeev-36625,"Park avenue Bathing Soap - Luxury For Men 125 g",personal-care,125 g,60
zeev-28019,"Park avenue Classic Deo - Good Morning, Cool Blue & Tranquil Free 300GM",personal-care,300 g,60
zeev-149826,"Park Avenue Deo Discover (Buy 1 Get 1 Free) 150 ml",personal-care,150 ml,60
zeev-18353,"Park Avenue Deodorant  (Buy1 Get 1 Free)",personal-care,1 pc,60
zeev-18822,"Park avenue Deodorant - Good Morning 130 ml",personal-care,130 ml,60
zeev-34811,"Park Avenue Deo Soap - Good Morning Freshness 125 g",personal-care,125 g,60
zeev-45577,"Park avenue Good Morning Soap  (4 x 125 g)",personal-care,125 g,60
zeev-149819,"Park Avenue Soap Luxuary 125 g",personal-care,125 g,60
zeev-48110,"Park Avenue Storm Fragrance Soap 125 g",personal-care,125 g,60
zeev-45576,"Park avenue Storm Fragrance Soap, Buy 3 get 1 free 125 g",personal-care,125 g,60
pothys-snack-3136369,"Parle 20 20 Butter Cookies",biscuits-snacks,48 g,38
shysha-bakery-3746,"Parle 20-20 Butter Cookies 150 gm",biscuits-snacks,150 g,40
shysha-bakery-3745,"Parle 20-20 Cashew cookies 200g",biscuits-snacks,200 g,38
shysha-bakery-9679,"Parle 20-20 Gold Choco Chips 400gm",biscuits-snacks,20 g,40
pothys-snack-2916467,"Parle 20-20 Nice Sugar Sprinkled Coconut Biscuits",biscuits-snacks,500 g,38
pothys-snack-3136986,"Parle 2 in 1 Eclairs",biscuits-snacks,198 g,38
pothys-snack-3139282,"Parle Aloo Bikki Chipotle",biscuits-snacks,304 g,38
pothys-snack-2917789,"Parle Aloo Bikki Spicy Masala",biscuits-snacks,76 g,38
pothys-snack-3139287,"Parle Aloo Bikki Thin Potato Crispies Mexican Salsa",vegetables,304 g,38
pothys-snack-2917383,"Parle Assorted Bigger Mango Bite & Orange Bite",fruits,214 g,38
pothys-snack-2917621,"Parle Assorted Grand Sweets Londonderry + Melody",biscuits-snacks,216.1 g,38
pothys-snack-3136370,"Parle Bakesmith Marie Biscuit",biscuits-snacks,250 g,38
pothys-snack-3137255,"Parle Bakesmith Marie Multivita",biscuits-snacks,300 g,38
pothys-snack-3194605,"Parle Black Hide & Seek Black Bourbon Choco",biscuits-snacks,300 g,38
pothys-snack-2917282,"Parle Chatkeens Bhujia Sev",biscuits-snacks,1 kg,38
pothys-snack-3140619,"Parle Chatkeens Hot n Spicy Mixture",biscuits-snacks,400 g,38
pothys-snack-3140731,"Parle Chatkeens Khatta Meetha",biscuits-snacks,400 g,38
pothys-snack-2916292,"Parle Coconut Biscuit",biscuits-snacks,200 g,38
pothys-snack-3136657,"Parle Creme N Onion",vegetables,80 g,38
pothys-snack-2916078,"Parle Fab Bourbon Cookies",biscuits-snacks,60 g,38
pothys-snack-2917029,"Parle Fabio Chocolate Creme Cookies",biscuits-snacks,120 g,38
pothys-snack-2917341,"Parle Fabio Vanilla Creme Sandwich Biscuits",biscuits-snacks,300 g,38
pothys-snack-2916773,"Parle Fab Jam-in Strawberry Jam",sauces-condiments,55 g,38
pothys-snack-3138989,"Parle Full Toss Chilli Chatpata Flavour",biscuits-snacks,100 g,38
shysha-bakery-3742,"Parle G Gluco Biscuits 120 gm",biscuits-snacks,120 g,40
shysha-bakery-3743,"Parle G Gluco Biscuits 250 gm",biscuits-snacks,250 g,40
shysha-bakery-3744,"Parle G Gluco Biscuits 800 gm",biscuits-snacks,800 g,38
pothys-snack-3136658,"Parle G Gold Biscuit",biscuits-snacks,1 kg,38
pothys-snack-3136373,"Parle-G Original Gluco Biscuits",biscuits-snacks,50 g,38
pothys-snack-2917801,"Parle G Royale Biscuits",biscuits-snacks,72 g,38
pothys-snack-2916079,"Parle Happy Happy Choco Chip Cookies",biscuits-snacks,40 g,38
pothys-snack-2917016,"Parle Happy Happy Twin Flavoured Fun Biscuit",biscuits-snacks,60 g,38
pothys-snack-2916683,"Parle Hide and Seek Bourbon Choco Cream Sandwich",biscuits-snacks,100 g,38
pothys-snack-3195906,"Parle Hide and Seek Choco Chip Creme Sandwiches Cookies",biscuits-snacks,400 g,38
shysha-bakery-3747,"Parle Hide And Seek Chocolate Chip Cookies115.5g",biscuits-snacks,115.5 g,38
shysha-bakery-3748,"Parle Hide And Seek Chocolate Chip Cookies 200 Gm",biscuits-snacks,200 g,40
pothys-snack-2917034,"Parle Hide and Seek Fab Chocolate Biscuit",biscuits-snacks,100 g,38
shysha-bakery-9609,"Parle Hide & Seek Biscuits 400 gm",biscuits-snacks,400 g,40
pothys-snack-2916293,"Parle Hide & Seek Cafe Mocha Biscuit",biscuits-snacks,120 g,38
pothys-snack-3136532,"Parle Hide & Seek Choco Chip Creme Sandwich Orange Flavour",biscuits-snacks,100 g,38
pothys-snack-3137655,"Parle Hide & Seek Choco Chip Creme Sandwich Strawberry Flavour",biscuits-snacks,120 g,38
pothys-snack-2916294,"Parle Hide & Seek Choco Rolls",biscuits-snacks,75 g,38
pothys-snack-2917510,"Parle Hide & Seek Fills",biscuits-snacks,18 g,38
pothys-snack-3605781,"Parle Hide & Seek Milano Collections",biscuits-snacks,250 g,38
pothys-snack-3196701,"Parle Hide & Seek Milano Mixed Berries",biscuits-snacks,125 g,38
pothys-snack-3196816,"Parle Hide & Seek Milano Vannila Cream",biscuits-snacks,125 g,38
pothys-snack-3136937,"Parle Kaccha Mango Bite Candy",biscuits-snacks,277 g,38
pothys-snack-2917812,"Parle Kismi Dal Chini Cinnamon Biscuits",biscuits-snacks,93.75 g,38
shysha-bakery-3741,"Parle Krack Jack 200 gm",biscuits-snacks,200 g,40
pothys-snack-2916531,"Parle Krackjack Butter Masala",biscuits-snacks,50 g,38
pothys-snack-2917193,"Parle Krack Jack Jeera Biscuit",biscuits-snacks,40 g,38
pothys-snack-2916081,"Parle KrackJack Original Sweet & Salty Crackers",biscuits-snacks,75.6 g,38
pothys-snack-2916295,"Parle Londonderry Lacto Bonbon Milk Candy",biscuits-snacks,198 g,38
pothys-snack-3136659,"Parle Magix Chocolate Sandwich Biscuits",biscuits-snacks,100 g,38
pothys-snack-3136994,"Parle Magix Kream Biscuit Strawberry",biscuits-snacks,41.7 g,38
pothys-snack-3139123,"Parle Magix Kreams Orange Biscuits",biscuits-snacks,68 g,38
pothys-snack-3137042,"Parle Magix Kreamz Elaichi",biscuits-snacks,40 g,38
pothys-snack-3137043,"Parle Magix Kreamz Pineapple",fruits,50 g,38
pothys-snack-2916738,"Parle Marie Biscuits",biscuits-snacks,800 g,38
pothys-snack-3137291,"Parle Mazelo Flavoured Candy",biscuits-snacks,277 g,38
pothys-snack-2916715,"Parle Melody Chocolaty Toffee",biscuits-snacks,391 g,38
pothys-snack-2916296,"Parle Milano Centre Filled Dark Cookies Choco Delight",biscuits-snacks,75 g,38
pothys-snack-2916297,"Parle Milano Centre Filled Mixed Berry Biscuits",biscuits-snacks,75 g,38
pothys-snack-3136372,"Parle Milano Choco & Hazelnut Biscuits",biscuits-snacks,60 g,38
pothys-snack-3137461,"Parle Milano Triple Delight",biscuits-snacks,350 g,38
pothys-snack-2916298,"Parle Milk Sakthi Biscuits",biscuits-snacks,200 g,38
pothys-snack-3136660,"Parle Monaco Cheesling Classic",biscuits-snacks,34.8 g,38
pothys-snack-2916697,"Parle Monaco Crispy Light Salted - Snack Zeera",biscuits-snacks,75.4 g,38
pothys-snack-2916204,"Parle Monaco Crispy Light Salty Snacks Biscuits",biscuits-snacks,200 g,38
pothys-snack-3605528,"Parle Monaco Jeffs",biscuits-snacks,200 g,38
pothys-snack-3140688,"Parle Monaco Piri Piri",biscuits-snacks,120 g,38
pothys-snack-3233423,"Parle Monaco Pizza",biscuits-snacks,120 g,38
pothys-snack-2916205,"Parle Monaco Pizza Masala Crunch Biscuits",biscuits-snacks,50 g,38
pothys-snack-2916299,"Parle Namkeen Aloo Bhujia",biscuits-snacks,1 kg,38
pothys-snack-3195675,"Parle Namkeen Bhujia Sev",biscuits-snacks,400 g,38
pothys-snack-3140591,"Parle Namkeen Moong Dal",biscuits-snacks,400 g,38
pothys-snack-2917384,"Parle Nutricrunch Ginger Snap Biscuit",biscuits-snacks,100 g,38
pothys-snack-3608205,"Parle Nutricrunch Premium Digestives",biscuits-snacks,75 g,38
pothys-snack-2916940,"Parle Occasions Assorted Fusion",biscuits-snacks,400 g,38
pothys-snack-3137044,"Parle Orange Bite",fruits,214 g,38
pothys-snack-2916522,"Parle Orange Magix",fruits,100gm,38
pothys-snack-3136533,"Parle Platina Hide & Seek Black Bourbon Vanilla Creme Sandwich",biscuits-snacks,100 g,38
pothys-snack-2916080,"Parle Platina Hide & Seek Choco Chip Biscuits",biscuits-snacks,480 g,38
pothys-snack-3136371,"Parle Platina Hide & Seek Choco Chip Creme Sandwiches Vanilla Flavoured",biscuits-snacks,100 g,38
pothys-snack-2916206,"Parle Platina Hide & Seek Chocolate Chip Cookies",biscuits-snacks,120 g,38
pothys-snack-3137922,"Parle Platina Milano Chocolate Chip Cookies",biscuits-snacks,120 g,38
pothys-snack-2916082,"Parle Platina Nutricrunch Digestive Cookies",biscuits-snacks,120 g,38
pothys-snack-3414378,"Parle Platina Nutricrunch Digestive With Millets",rice-grains,1 kg,38
pothys-snack-2916532,"Parle Platina Nutricrunch Honey & Oats",biscuits-snacks,600 g,38
pothys-snack-2916300,"Parle Premium Rusk Real Elaichi",biscuits-snacks,400 g,38
pothys-snack-2916374,"Parle Real Elaichi Rusk",biscuits-snacks,300 g,38
pothys-snack-2916921,"Parle Rol a Cola Candy",biscuits-snacks,100 g,38
pothys-snack-2916680,"Parle's Wafers Piri Piri",biscuits-snacks,110 g,38
pothys-snack-3195742,"Parle's Wafers Tangy Tomato Flavour Potato Chips",biscuits-snacks,70 g,50
pothys-snack-3137431,"Parle Top Rich Buttery Crackers",biscuits-snacks,200 g,38
pothys-snack-3137432,"Parle Top Spin Sugary Crackers",biscuits-snacks,76.95 g,38
pothys-snack-3137164,"Parle Wafers Classic Salted",biscuits-snacks,110 g,38
zeev-42954,"Paseo Tissues Facial Smart Box 100 Pulls",personal-care,1 pc,60
pothys-snack-3139750,"Patanjali Namkeen Biscuit",biscuits-snacks,80 g,38
epeedika-grocery-1376,"Pavithram Sesame Oil (Nallenna) 1 L",oils-sugar,1 L,237
epeedika-grocery-39,"Pavizham Matta Broken Rice, 500g",rice-grains,500 g,42
epeedika-grocery-1172,"Pavizham Synthetic Vinegar 1 Ltr.",sauces-condiments,1 L,30
epeedika-grocery-1257,"Payasakoottu pouch rs.20",rice-grains,1 Unit,18
epeedika-grocery-2393,"Payasakoottu pouch rs.30",rice-grains,1 Unit,27
zeev-156330,"Pears Pure And Gentle Facewash 150 g",personal-care,150 g,60
zeev-158424,"Pears Pure & Gentle Face Wash 100 g",personal-care,100 g,60
zeev-14103,"Pears Pure & Gentle Soap Bar 125 g",personal-care,125 g,60
zeev-29464,"Pears Soft & Fresh Soap Bar 125 g",personal-care,125 g,60
instamart-drink-peping-peping-karnica-s-blush-rush-fizz-prebi,"Peping Karnica's Blush Rush Fizz Prebiotic",beverages,750 ml,49
instamart-drink-peping-peping-lemon-breeze-prebiotic-digestiv,"Peping Lemon Breeze | Prebiotic Digestive Drink - 250ml",vegetables,250 ml,330
shysha-bakery-3723,"Pepsi 2.25ltr",beverages,2.25ltr,40
shysha-bakery-3722,"Pepsi 750ml",beverages,750 ml,38
zeev-158723,"Pepsi Soft Drink 2.25 l",beverages,2.25 L,60
instamart-drink-pepsi-pepsi-soft-drink-bottle,"Pepsi Soft Drink Bottle",beverages,750 ml,128
instamart-drink-pepsi-pepsi-zero-sugar-soft-drink,"Pepsi Zero Sugar Soft Drink",beverages,750 ml,40
zeev-15873,"Pepsodent Toothbrush - Gum Expert 3 pcs",personal-care,3 pcs,60
pothys-snack-3469798,"Perrys A-z Biscuits",biscuits-snacks,200 g,38
pothys-snack-3469808,"Perrys Biscuits Jaggery Butter Cookies",biscuits-snacks,150 g,38
pothys-snack-3469806,"Perrys Biscuits Jaggery Bytes Jar",biscuits-snacks,300 g,38
pothys-snack-3469818,"Perrys Biscuits Millets N Butter Cookies",biscuits-snacks,150 g,38
pothys-snack-3469807,"Perrys Butter Cookies biscuits",biscuits-snacks,300 g,38
epeedika-grocery-1227,"Perum Kayam 7g / Compounded Asafoetida Cake",spices,7 g,10
pothys-snack-3138798,"Pillsbury Choco Cooker Cake",biscuits-snacks,159 g,38
pothys-snack-3501321,"Pillsbury Vanilla Cooker Cake Mix Eggless",biscuits-snacks,159 g,38
epeedika-grocery-2567,"Plain China Grass 10g / City's Master Chef",rice-grains,10 g,46
shysha-bakery-7981,"Plant'n Pack Bhadham 100g",biscuits-snacks,100 g,38
shysha-bakery-7979,"Plant'n Pack Bhadham 250g",biscuits-snacks,250 g,38
shysha-bakery-7969,"Plant'n Pack Black Grapes 100g",fruits,100 g,38
shysha-bakery-7966,"Plant'n Pack Black Grapes 250g",fruits,250 g,38
shysha-bakery-7977,"Plant'n Pack Cashew Plane 250g",biscuits-snacks,250 g,38
shysha-bakery-7975,"Plant'n Pack Cashew Split 50gm",biscuits-snacks,50 g,38
shysha-bakery-7973,"Plant'n Pack Kismiss 100g",biscuits-snacks,100 g,38
shysha-bakery-7971,"Plant'n Pack Kismiss 250 g",biscuits-snacks,250 g,40
pothys-snack-3401464,"Polo Mini Mint With The Hole",biscuits-snacks,30 g,38
zeev-158242,"Ponds Age Miracle Wrinkle Corrector SPF18PA 35 g",personal-care,35 g,60
zeev-158601,"Ponds Age Miracle Youthful Glow Night Cream 50 g",personal-care,50 g,60
zeev-49366,"Ponds  BB+ Cream Ivory SPF 30PA  30 g",personal-care,30 g,60
zeev-158241,"Ponds BB Cream Natural SPF 30PA++ 18 g",personal-care,18 g,60
zeev-156468,"Ponds BB Gluta Niacinamide Serum 28 ml",personal-care,28 ml,60
zeev-156490,"Ponds Body Lotion - Niacinamide Soft Glowing Skin  275 ml",personal-care,275 ml,60
zeev-157921,"Ponds Bright Beauty 12 Gluta Niacinamide Serum 14 ml",personal-care,14 ml,60
zeev-158411,"Ponds Bright Beauty Anti - Spot Gel Creme 23 g",personal-care,23 g,60
zeev-156471,"Ponds Bright Beauty Face Scrub 100 g",personal-care,100 g,60
zeev-158801,"Pond's Bright Beauty Niacinamide Anti-Dullness Facewash 100 g",personal-care,100 g,60
zeev-158822,"Pond's Bright Beauty Niacinamide Anti-Dullness Facewash 150 g",personal-care,150 g,60
zeev-158799,"Ponds Bright Beauty Serum Cream 50 g",personal-care,50 g,60
zeev-156474,"Ponds Bright Beauty Serum Cream SPF 15 PA++ 35 g",personal-care,35 g,60
zeev-156478,"Ponds Bright Beauty Vitamin C+E+A Serum 14 ml",personal-care,14 ml,60
zeev-156475,"Ponds Bright Beauty Vit C+E+A Face Wash 100 g",personal-care,100 g,60
zeev-156517,"Ponds Brightening Vitamin C+ Pineapple Extract Duo Sheet Mask 25 ml",personal-care,25 ml,60
zeev-158802,"Ponds Bright Miracle Activated Charcoal FaceWash 150 g",personal-care,150 g,60
zeev-158804,"Ponds Bright Miracle Activated Charcol Detox Face Wash 200 g",personal-care,200 g,60
zeev-158759,"Ponds Bright Miracle With Acti Charcoal Detox Face Wash 100 g",personal-care,100 g,60
zeev-156481,"Ponds Detan Facewash 100 g",personal-care,100 g,60
zeev-49393,"Ponds  Detoxing Vitamin B6 + Bamboo Charcoal Duo Sheet Mask	 25 ml",personal-care,25 ml,60
zeev-39457,"PONDS  Dreamflower Fragrant Talc 100 g",personal-care,100 g,60
zeev-19529,"Ponds Dreamflower Fragrant Talc 200 g",personal-care,200 g,60
zeev-26555,"Ponds Dreamflower Fragrant Talc 400 g",personal-care,400 g,60
zeev-15615,"Ponds Face Wash - Pimple Clear White 100 g",personal-care,100 g,60
zeev-156488,"Ponds Face Wash - Pollution Out 100 g",personal-care,100 g,60
zeev-158408,"Ponds Hydra Light Hyaluronic 2% Serum 28 ml",personal-care,28 ml,60
zeev-158244,"Pond's Hydra Miracle Body Gel Lotion 380 ml",personal-care,380 ml,60
zeev-158240,"Ponds Hydra Miracle Hyaluronic Super Light Gel 100 ML",personal-care,100 ml,60
zeev-158239,"Ponds Hydra Miracle Hyaluronic Super Light Gel 200 ml",personal-care,200 ml,60
zeev-156483,"Ponds JULIET ROSE BODY LOTION 300 ml",personal-care,300 ml,60
zeev-156519,"Ponds Light Moisturiser Cream 197 g",personal-care,197 g,60
zeev-156504,"Ponds Magic Talc 400 g",personal-care,400 g,60
zeev-37353,"Ponds Men - Energy Bright Anti-Dullness Face Wash With Coffee Bean 100 g",personal-care,100 g,60
zeev-156487,"Ponds Men Pimple Clear Facewash 100 g",personal-care,100 g,60
zeev-156461,"Ponds Miracle SPF 35 PA+++ Sun Gel Cream 50 g",personal-care,50 g,60
zeev-17158,"Ponds Moisturising Cold Cream 100 ml",personal-care,100 ml,60
zeev-37191,"Ponds Moisturising Cold Cream 200 ml",personal-care,200 ml,60
zeev-158422,"Pond's Niacinamide Soft Glowing Skin Nourishing Lotion 600 ml",personal-care,600 ml,60
zeev-49379,"Ponds  Nourish Vitamin E + Avocado Extract Duo Sheet Mask	 25 ml",personal-care,25 ml,60
zeev-35640,"Ponds Ponds Starlight Talc 300 g 300 g",personal-care,300 g,60
zeev-156505,"Ponds Sandal Talc 100 g",personal-care,100 g,60
zeev-156498,"Ponds Serum Boost Sunscreen Serum SPF 50 14 ml",personal-care,14 ml,60
zeev-29467,"Ponds Starlight Talc 100 g",personal-care,100 g,60
zeev-158243,"Pond's Sun Miracle Niacinamide SPF 30 PA+++ 90 ml",personal-care,90 ml,60
zeev-158418,"Pond's Sun Miracle P&B SPF55PA++ Light Sunscreen 100 g",personal-care,100 g,60
zeev-158423,"Ponds Sun Miracle P&B Sunscreen Cream Gel SPF50PA+++ 100 g",personal-care,100 g,60
zeev-156502,"Ponds Sun Miracle SPF 55 PA+++ Light Sunscreen 50 g",personal-care,50 g,60
zeev-23334,"Ponds Talc - Sandal Radiance 300 g",personal-care,300 g,60
zeev-158602,"Ponds  Youthful Miracle Hexyl Retinol, Renew & Rejuvenate Facewash  100 g",personal-care,100 g,60
zeev-158805,"Pond's Youthful Miracle Renew & Repair Night Cream 20 g",personal-care,20 g,60
epeedika-grocery-2067,"Ponkathir Bency Rava 500g / Special Uppumavu Rava",rice-grains,500 g,53
epeedika-grocery-32,"Ponni Rice 1kg / Baby",rice-grains,1 kg,47
pothys-snack-3140851,"Popular Masala Chips",biscuits-snacks,100 g,50
epeedika-grocery-1721,"Pori / Puffed Rice 50gm Pack",rice-grains,50 g,10
epeedika-grocery-2490,"Prameha Samhari Dahasamani",rice-grains,1 Unit,49
shysha-bakery-8622,"Pran Potata Spicy Biscuit 75g",biscuits-snacks,75 g,38
zeev-23194,"Premium Talc - Lavender 300 g",personal-care,300 g,60
pothys-snack-3141345,"Pringles Desi Masala Flavour",biscuits-snacks,107 g,50
pothys-snack-3140624,"Pringles Fusion Chutney",sauces-condiments,107 g,50
pothys-snack-3659579,"Pringles Original Tin",biscuits-snacks,40 g,38
pothys-snack-3139710,"Pringles Pizza Flavour",biscuits-snacks,110 g,38
pothys-snack-3137204,"Pringles Potato Chips The Original",biscuits-snacks,110 g,38
pothys-snack-3139619,"Pringles Sour Cream & Onion",biscuits-snacks,110 g,38
pothys-snack-3195498,"Pringles South Africa Peri Peri",biscuits-snacks,107 g,38
pothys-snack-3659624,"Pringles Tangy Tomato Twist",biscuits-snacks,110 g,38
zeev-158839,"Pukka Ashwagandha & Tulsi For Active Energy Herbal Infusion Tea Bags 25 g",beverages,25 g,60
zeev-158836,"Pukka Chamomile & Lavender For Night Time Sleep Herbal Infusion Tea Bags  30 g",beverages,30 g,60
zeev-158841,"Pukka Mint & Ginger For Digestive Support Tea Infusion Tea Bags 30 g",beverages,30 g,60
zeev-15878,"Purepet Dog Food - Meat & Rice, Adult Dog 1 kg",baby-family,1 kg,60
zeev-164519,"Pusht Organic Brown Sugar 500 g",oils-sugar,500 g,60
zeev-164520,"Pusht Organic Pink Salt Crystal 1 kg",oils-sugar,1 kg,60
zeev-164522,"Pusht Organic Pink Salt Powder 1 kg",oils-sugar,1 kg,60
pothys-snack-3141540,"Puzzles Aloo Bhujia Namkeen",biscuits-snacks,150 g,38
zeev-48692,"Rage Dark Roast Instant Coffee 75 g",beverages,75 g,60
epeedika-grocery-2163,"Ragi / Pullu 1 Kg",rice-grains,1 kg,60
pothys-snack-3141415,"Rajarams Butter Murukku",biscuits-snacks,100 g,38
pothys-snack-3449650,"Rajaram's Cheese Balls",dairy,40 g,38
pothys-snack-3141355,"Rajarams Fried Gram Balls",biscuits-snacks,15 pcs,38
pothys-snack-3141378,"Rajarams Friedgram Sweets",biscuits-snacks,50 g,38
pothys-snack-3141570,"Rajarams Groundnut Balls",biscuits-snacks,15 pcs,38
pothys-snack-3422544,"Rajaram's Groundnut Cubes",biscuits-snacks,15 pcs,38
pothys-snack-3141373,"Rajarams Groundnut Sweet Nice With Natural Cardamom",spices,250 g,38
pothys-snack-2916515,"Rajaram's Groundnut Sweets Nice",biscuits-snacks,250 g,38
pothys-snack-3141631,"Rajarams Karaboondhi",biscuits-snacks,100 g,38
pothys-snack-3141431,"Rajarams Kara Sev",biscuits-snacks,100 g,38
pothys-snack-3141664,"Rajarams Madras Mixture",biscuits-snacks,200 g,38
pothys-snack-3141407,"Rajarams Masala Peanut",biscuits-snacks,80 g,38
pothys-snack-3141405,"Rajarams Om Podi",biscuits-snacks,100 g,38
pothys-snack-3422564,"Rajaram's Peanut Cubes Nice",biscuits-snacks,15 pcs,38
pothys-snack-3141391,"Rajarams Pepper Peanut",biscuits-snacks,70 g,38
pothys-snack-3141486,"Rajarams Pepper Sev",biscuits-snacks,100 g,38
pothys-snack-2917017,"Rajaram's Pop Corn Salt & Vinegar",sauces-condiments,35 g,38
pothys-snack-3141493,"Rajarams Popcorn Spicy",biscuits-snacks,32 g,38
pothys-snack-3141359,"Rajarams Roasted Groundnut",biscuits-snacks,200 g,38
pothys-snack-3141667,"Rajarams Salted Peanut",biscuits-snacks,80 g,38
pothys-snack-3141510,"Rajaram's Salted Popcorn",biscuits-snacks,28 g,38
pothys-snack-3140017,"Rajarams Sesame Balls",biscuits-snacks,15 pcs,38
pothys-snack-3141643,"Rajarams Sesame Sweets",biscuits-snacks,50 g,38
pothys-snack-3141495,"Rajarams Spicy Corn Flakes",rice-grains,100 g,38
pothys-snack-3141541,"Rajarams Wheels",biscuits-snacks,40 g,38
epeedika-grocery-2489,"Rasakoot",rice-grains,1 Unit,10
epeedika-grocery-23,"Rava Loose 500gm",rice-grains,500 g,28
zeev-158161,"Real Alphonso Mango Nectar Juice 1 no",beverages,1 pc,60
zeev-158599,"Real Fruit Juice -Pink Guava 1 l",beverages,1 L,60
zeev-24149,"Real Fruit Power - Mango (Aam) Juice 1 L",beverages,1 L,60
zeev-15354,"Real Fruit Power - Pomegranate (Anar) 1 L",beverages,1 L,60
zeev-156656,"Real Guava Vitamin Boost Juice 1 l",beverages,1 L,60
zeev-17921,"Real Juice - Fruit Power, Apple 1 L",beverages,1 L,60
zeev-4348,"Real Juice - Fruit Power, Cranberry 1 L",beverages,1 L,60
zeev-27714,"Real Juice - Fruit Power, Grape 1 L",beverages,1 L,60
zeev-4316,"Real Juice - Fruit Power, Mixed Fruits 1 L",beverages,1 L,60
zeev-4310,"Real Juice - Fruit Power, Orange/Santra 1 L",beverages,1 L,60
zeev-32322,"Real Juice - Fruit Power, Pineapple 1 L",beverages,1 L,60
zeev-156658,"Real Mixed Fruit Juice 1 l",beverages,1 L,60
shysha-bakery-3714,"Red Bull Energy Drink 250ml",beverages,250 ml,38
zeev-43007,"Red Label Dust Tea - Strong 500 g",beverages,500 g,60
pothys-snack-3139683,"Relish Butter Murukku",biscuits-snacks,160 g,38
pothys-snack-3139684,"Relish Chekkodi",biscuits-snacks,150 g,38
pothys-snack-2916887,"Relish Fryms Wheels",biscuits-snacks,50 g,38
pothys-snack-3139685,"Relish Kai Murukku",biscuits-snacks,160 g,38
pothys-snack-3139857,"Relish Masala Peanut",biscuits-snacks,150 g,38
pothys-snack-3139858,"Relish Masala Pori",biscuits-snacks,100 g,38
pothys-snack-3141421,"Relish Peanut Chikkis Chocolate Special",biscuits-snacks,40 g,38
pothys-snack-2916810,"Relish Peanut Chikkis Cup",biscuits-snacks,80 g,38
pothys-snack-3139686,"Relish Tapioca Chips",biscuits-snacks,110 g,38
zeev-35236,"Rexona Silky Soft Skin Coconut & Olive Oil Soap Bar 3x150 g",personal-care,150 g,60
epeedika-grocery-78,"Rice Drops Rice Bran Oil - 1L (pouch) Thavidenna",rice-grains,1 L,185
pothys-snack-3136332,"Richoco Nabati Chocolate Wafer",biscuits-snacks,62 g,40
zeev-156704,"Rin Bar Soap 6*250 g",cleaning-household,250 g,60
zeev-158212,"Rin Matic Liquid Front Load - Pouch 2 l",cleaning-household,2 L,60
pothys-snack-3139727,"RiteBite Choco Delite",biscuits-snacks,40 g,38
pothys-snack-2916775,"RiteBite Fruits & Seeds Single Bar",biscuits-snacks,35 g,38
pothys-snack-2916665,"RiteBite Max Protein Cheese Jalapeno",dairy,150 g,38
pothys-snack-2916776,"RiteBite Max Protein Chips Chinese Manchurian",biscuits-snacks,60 g,38
pothys-snack-2916777,"RiteBite Max Protein Chips Cream & Onion",biscuits-snacks,60 g,38
pothys-snack-2916629,"RiteBite Max Protein Daily Choco Berry Bar",biscuits-snacks,50 g,38
pothys-snack-3139912,"RiteBite Max Protein Merry Berry Bars",biscuits-snacks,35 g,38
pothys-snack-2916778,"RiteBite Max Protein Snacks Desi Masala",biscuits-snacks,60 g,38
pothys-snack-2916623,"RiteBite Max Protein Spanish Tomato",vegetables,45 g,38
pothys-snack-3139811,"RiteBite Max Protein Work Out Choco Almond",biscuits-snacks,50 g,38
pothys-snack-2916779,"RiteBite Nuts & Seeds Single Bar",biscuits-snacks,35 g,38
pothys-snack-3139724,"RiteBite Sports Bar",biscuits-snacks,40 g,38
pothys-snack-3196551,"RKG Gulab Jamun",biscuits-snacks,1 kg,38
pothys-snack-3474184,"RKG Rasogolla Tin",biscuits-snacks,1 kg,38
epeedika-grocery-290,"Roasted Gram Dal -Pottu Kadala) 250gm",pulses-legumes,250 g,29
epeedika-grocery-1761,"Roasted Peanuts/ Groundnut / Manal Kappalandi 250g",rice-grains,250 g,67
epeedika-grocery-38,"Rose Kaima, Biriyani & Ghee Rice 1 kg",dairy,1 kg,205
epeedika-grocery-1542,"Ruchi Gold Refined Palmolein Oil 425g",oils-sugar,425 g,78
epeedika-grocery-2320,"Saffola Plain Oats 1kg with Free Saffola Oats 300 gm",oils-sugar,1 kg,237
pothys-snack-3467276,"Salsalito Nacho Classic Salted",biscuits-snacks,150 g,38
shysha-bakery-3813,"Samosa 1 Pcs",biscuits-snacks,1 pc,40
zeev-149832,"Sanifresh Toilet Cleaner (Buy 2 Get 1 Free) 500 ml",cleaning-household,500 ml,60
zeev-40349,"Santoor Beauty Talc 150 g",personal-care,150 g,60
zeev-49038,"Santoor  Gentle Hand Wash Mild 100 ml",personal-care,100 ml,60
zeev-45477,"Santoor Hand Wash - Berries & Tulsi",personal-care,1 pc,60
zeev-14271,"Santoor Hand Wash - Fresh  215 ml",personal-care,215 ml,60
zeev-28891,"Santoor Hand Wash - Mild",personal-care,1 pc,60
pothys-snack-3139929,"Sapphire Assortment Chocolate",biscuits-snacks,175 g,38
pothys-snack-2916879,"Sapphire Chocolate Coated Hazelnuts",biscuits-snacks,175 g,38
pothys-snack-3195660,"Sapphire Chocolate Coated Nuts Gold Almond",biscuits-snacks,350 g,38
pothys-snack-3140873,"Sapphire Eclairs Caramel With Milk",biscuits-snacks,700 g,38
pothys-snack-2917757,"Sapphire Excellence Assorted Toffee",biscuits-snacks,700 g,38
pothys-snack-3140023,"Sapphire Heart Choco Tin",biscuits-snacks,160 g,38
pothys-snack-3196652,"Sapphire Heart Tin Hazelnut",biscuits-snacks,160 g,38
pothys-snack-3197099,"Sapphire Nut Assortment Tin",biscuits-snacks,350 g,38
pothys-snack-3196813,"Savaari Baked Cashews",biscuits-snacks,80 g,38
pothys-snack-3196913,"Savaari Cashew Jalapeno",biscuits-snacks,80 g,38
pothys-snack-3196921,"Savaari Cashew Thai Chilli",biscuits-snacks,80 g,38
epeedika-grocery-1927,"Savorit Pasta Macaroni 250g",biscuits-snacks,250 g,27
zeev-149833,"Sensodyne Deep Clean Extra Soft Brush ( Buy 2 Get 1 Free) 3 nos",personal-care,3 pcs,60
zeev-149834,"Sensodyne Expert Brush Soft (Buy 2 Get 1 Free) 3 nos",personal-care,3 pcs,60
zeev-149902,"Sensodyne Sensitive Soft Brush (Buy 2 Get 1 Free)	 3 nos",personal-care,3 pcs,60
zeev-49347,"Sensodyne  Sensitivity & Gum Soft - Tooth Brush  (2+1 Free) 3 pcs",personal-care,3 pcs,60
zeev-47132,"Seven Horse Premium Dining Napkins 100 *1 ply - (Buy 2 Get 1)",cleaning-household,1 pc,60
epeedika-grocery-1866,"Shaalimar Broken Wheat 500g / Gothambu Nurukku",rice-grains,500 g,41
zeev-49251,"Shantis  Choco Flakes  (Buy 1 Get 1 Free)	 375 g",biscuits-snacks,375 g,60
pothys-snack-3140885,"Shoon Fatt Summer Day Assorted Biscuit",biscuits-snacks,600 g,38
epeedika-grocery-2497,"Silver Cafe Chukku Kaapi 30g",spices,30 g,10
epeedika-grocery-2411,"Silver Cafe Coffee Powder - 100g",beverages,100 g,69
pothys-snack-2917723,"Skinella Lip Balm Peach",personal-care,3.6 g,38
pothys-snack-3195759,"SKS Groundnut Balls",biscuits-snacks,100 g,38
pothys-snack-3197186,"SKS Groundnut Cakes",biscuits-snacks,150 g,38
pothys-snack-3195756,"SKS Kamarkut",biscuits-snacks,100 g,38
pothys-snack-3195757,"SKS Puffed Rice Balls",rice-grains,75 g,38
pothys-snack-3195758,"Sks Sesame Balls Black",biscuits-snacks,100 g,38
pothys-snack-3196974,"SKS Skin Less Roasted Groundnut",biscuits-snacks,100 g,38
pothys-snack-3469800,"Smart Bite Crunch Crispy & Salt",oils-sugar,200 g,38
pothys-snack-3469802,"Smart Bite Crunch Sweet&Salt Biscuits",biscuits-snacks,175 g,38
pothys-snack-3469794,"Smart Bite Kids Bite Biscuits",biscuits-snacks,250 g,38
pothys-snack-3460359,"Smart Bite Krispy Choco Bite Biscuit",biscuits-snacks,100 g,40
pothys-snack-3469789,"Smart Bite Puffs Break Biscuits Jar",biscuits-snacks,200 g,38
pothys-snack-3469805,"Smart Bite Relax Time Marie Biscuits",biscuits-snacks,350 g,38
pothys-snack-3461750,"Smart Bite  Strawberry Bite Biscuits",biscuits-snacks,200 g,38
pothys-snack-3469792,"Smart Bite Sweet Heart",biscuits-snacks,250 g,38
pothys-snack-2917482,"Snacatac Cornado Tomato Blast",vegetables,100 g,38
zeev-164646,"Snackd Peanut Chikki High Protein Zero Sugar Prebiotic Fibre 250 g",oils-sugar,250 g,60
pothys-snack-3140428,"Snickers Almond Chocolate",biscuits-snacks,45 g,38
pothys-snack-3136414,"Snickers Chocolate",biscuits-snacks,50 g,38
shysha-bakery-3753,"Snickers Chocolate Bar 20g",biscuits-snacks,20 g,38
pothys-snack-2917215,"Snickers Chocolate Butterscotch Flavour",biscuits-snacks,40 g,38
pothys-snack-2917511,"Snickers Gift Pack Premium Chocolates",biscuits-snacks,152 g,38
pothys-snack-3139286,"Snickers Kesar Pista",biscuits-snacks,42 g,38
pothys-snack-2916310,"Snickers Miniatures Pouch",biscuits-snacks,150 g,38
pothys-snack-3140481,"Snickers Value Pack",biscuits-snacks,150 g,38
zeev-163168,"Society Masala Flavour Tea 250 g",beverages,250 g,60
zeev-163165,"Society Masala Tea 500 g (TEA)",beverages,500 g,60
epeedika-grocery-1232,"Soda Podi Packet",beverages,1 Unit,10
pothys-snack-3501327,"Sofit Almond Milk Chocolate",biscuits-snacks,1 L,38
pothys-snack-3139672,"Sofit Soya Milk Chocolate",biscuits-snacks,200 ml,38
pothys-snack-3139678,"Sofit Soya Milk Chocolates",biscuits-snacks,1 L,38
pothys-snack-3139673,"Sofit Soya Milk Vanilla",dairy,200 ml,38
epeedika-grocery-222,"Soya Chunks Big 250gm / Loose",pulses-legumes,250 g,30
epeedika-grocery-223,"Soya Chunks Small 250gm",pulses-legumes,250 g,30
shysha-bakery-3809,"Sprite 2.25 ltr",beverages,2.25 L,40
shysha-bakery-3808,"Sprite 600 ML",beverages,600 ml,40
instamart-drink-sprite-sprite-pet-lemon-lime-sparkling-soft-d,"Sprite PET - Lemon-Lime Sparkling Soft Drink",beverages,750 ml,66
instamart-drink-sprite-sprite-soft-drink-bottle-750ml,"Sprite Soft Drink Bottle 750ml",beverages,750 ml,156
instamart-drink-sprite-sprite-zero-pet-lemon-lime-sparkling-s,"Sprite Zero PET - Lemon-Lime Sparkling Soft Drink (Zero Sugar)",beverages,750 ml,40
pothys-snack-3196635,"Sri Dairy Ajmer Milk Cake",biscuits-snacks,200 g,38
pothys-snack-3196585,"Sri Dairy Coconut Burfi",biscuits-snacks,200 g,38
pothys-snack-3196613,"Sri Dairy Milk Khoa",biscuits-snacks,200 g,38
pothys-snack-3195645,"Sri Dairy Milk Khoa Sweet",biscuits-snacks,100 g,38
pothys-snack-3196858,"Sri Dairy Motichoor Laddu",biscuits-snacks,250 g,38
pothys-snack-3197131,"Sri Dairy Palm Jaggery Mysorpak",oils-sugar,200 g,38
pothys-snack-3196883,"Sri Dairy Rava Laddu",rice-grains,250 g,38
pothys-snack-3196588,"Sri Dairy Tirunelveli Halwa",biscuits-snacks,200 g,38
pothys-snack-3461795,"Sri Dhana Butter Biscuits",biscuits-snacks,175 g,38
pothys-snack-3461741,"Sri Dhana Fruit Biscuit",biscuits-snacks,175 g,38
pothys-snack-3461790,"Sri Dhana Groundnut",biscuits-snacks,175 g,38
pothys-snack-3461788,"Sri Dhana Medium Biscuit",biscuits-snacks,150 g,38
pothys-snack-3461789,"Sri Dhana Pineapple Jam",sauces-condiments,150 g,38
pothys-snack-3461796,"Sri Dhana Ragi Biscuit",biscuits-snacks,175 g,38
pothys-snack-3461797,"Sri Dhana Till Biscuit",biscuits-snacks,175 g,38
pothys-snack-3461786,"Sri Dhana Vanilla Biscuit",biscuits-snacks,175 g,38
pothys-snack-3461787,"Sri Sri Biscutey Chocolate Creme",biscuits-snacks,60 g,38
pothys-snack-3461784,"Sri Sri Cashew Nut Cookies",biscuits-snacks,50 g,38
pothys-snack-3461781,"Sri Sri Choco Hazelnut Cookies",biscuits-snacks,50 g,38
pothys-snack-3141362,"SS Black Sesame Ball",biscuits-snacks,100 g,38
epeedika-grocery-773,"SS Kranthi Rice 5 Kg Loose",rice-grains,5 kg,220
pothys-snack-3141364,"SS Orange Candy",biscuits-snacks,100 g,38
pothys-snack-3140749,"SS Roasted Mixture",biscuits-snacks,200 g,38
pothys-snack-2916742,"Sumeru - Cheese Popz",dairy,200 g,38
pothys-snack-2916811,"Sumeru French Fries Masala Chilli Garlic",biscuits-snacks,800 g,38
pothys-snack-2916637,"Sumeru Masala French Fries Piri Piri",biscuits-snacks,800 g,38
pothys-snack-2916781,"Sumeru Wassup French Fries",biscuits-snacks,500 g,38
pothys-snack-3138010,"Sundrop Chocolatey Crunch Popz",biscuits-snacks,140 g,38
pothys-snack-3139212,"Sunfeast All Rounder Chatpata Masala",biscuits-snacks,282 g,38
pothys-snack-2917340,"Sunfeast All Rounder Potapo Masala",biscuits-snacks,75 g,38
pothys-snack-3395442,"Sunfeast Allrounder Potato Masala",biscuits-snacks,32.9,38
pothys-snack-2917687,"Sunfeast Bounce Biscuits - Orange Creme Cookies",biscuits-snacks,38 g,38
pothys-snack-3140393,"Sunfeast Bounce Dream Cream Butterscotch Zing Biscuit",biscuits-snacks,120 g,38
pothys-snack-3136418,"Sunfeast Bounce Dream Cream Choco Vanilla Biscuit",biscuits-snacks,60 g,40
pothys-snack-3136419,"Sunfeast Bounce Dream Cream Strawberry Vanilla Biscuit",biscuits-snacks,60 g,38
pothys-snack-2915847,"Sunfeast Bounce Minis Strawberry Flavoured",biscuits-snacks,25 g,38
pothys-snack-3395367,"Sunfeast Bounce Pineapple Cream",biscuits-snacks,50 g,38
pothys-snack-3140821,"Sunfeast Bounce Pineapple Zing Biscuit",biscuits-snacks,129 g,38
pothys-snack-3136420,"Sunfeast Bounce Tangy Orange Biscuit",biscuits-snacks,60 g,38
pothys-snack-2917285,"Sunfeast Chocolate Shake With Real Belgian Chocolate",biscuits-snacks,180 ml,38
pothys-snack-2916132,"Sunfeast Cow Milk Biscuits",biscuits-snacks,83 g,40
pothys-snack-3140562,"Sunfeast Dark Fantasy",biscuits-snacks,100 g,38
pothys-snack-3136421,"Sunfeast Dark Fantasy Bourbon",biscuits-snacks,120 g,38
shysha-bakery-8917,"Sunfeast Dark Fantasy Bourbon 2 x 93g",biscuits-snacks,93 g,38
shysha-bakery-9673,"Sunfeast Dark Fantasy Bourbon Classic Chocolate Biscuits, 450 g",biscuits-snacks,450 g,40
pothys-snack-2917541,"Sunfeast Dark Fantasy Choco Chunks",biscuits-snacks,75 g,38
pothys-snack-3140870,"Sunfeast Dark Fantasy Choco Creme Biscuits",biscuits-snacks,3 * 100 g,38
shysha-bakery-3735,"Sunfeast Dark Fantasy Choco Fills 69 gm",biscuits-snacks,69 g,40
pothys-snack-2916133,"Sunfeast Dark Fantasy Choco Fills Biscuits",biscuits-snacks,75 g,38
zeev-149838,"Sunfeast Dark Fantasy Choco Fills (Buy 4 Get 1 Free) 375 g",biscuits-snacks,375 g,60
pothys-snack-2916859,"Sunfeast Dark Fantasy Chocolate Biscuit",biscuits-snacks,100 g,40
pothys-snack-2917292,"Sunfeast Dark Fantasy Choco Nut Fills Cookies",biscuits-snacks,1 pc,38
pothys-snack-2916135,"Sunfeast Dark Fantasy Coffee Fills",biscuits-snacks,75 g,38
zeev-16607,"Sunfeast Dark Fantasy Combi Pack - Choco Fills",biscuits-snacks,1 pc,60
pothys-snack-2916134,"Sunfeast Dark Fantasy Luxuria Choco Fills Biscuits",biscuits-snacks,150 g,38
pothys-snack-3395318,"Sunfeast Dark Fantasy Vanilla Cream",biscuits-snacks,100 g,38
pothys-snack-2917451,"Sunfeast Dark Fantasy Vanilla Fills",biscuits-snacks,75 g,38
shysha-bakery-8925,"Sunfeast Dark Fantasy Vanilla Fills – 69g",biscuits-snacks,69 g,38
shysha-bakery-9671,"Sunfeast Dark Fantasy Vanilla Flavoured Sandwich Crème Biscuits, 237 g (Pack of 3)",biscuits-snacks,237 g,40
pothys-snack-3195490,"Sunfeast Dark Fantasy Yumfills Cake",biscuits-snacks,138 g,38
pothys-snack-3608273,"Sunfeast Fantastik Eclairs Treasures",biscuits-snacks,472.5,38
pothys-snack-3608428,"Sunfeast Fantastik Roast Almond",biscuits-snacks,34 g,38
pothys-snack-3414345,"Sunfeast Farmilte Digestive High Fibra",biscuits-snacks,800 g,38
pothys-snack-2916944,"Sunfeast Farmlite 5 Grain Digestive Biscuit",biscuits-snacks,1 kg,38
pothys-snack-2917259,"Sunfeast Farmlite 5 Seed Digestive Biscuit",biscuits-snacks,100 g,38
pothys-snack-2917678,"Sunfeast Farmlite Digestive High Fibre Biscuit",biscuits-snacks,50 g,38
pothys-snack-2917204,"Sunfeast Farmlite Nuts Digestive Biscuit",biscuits-snacks,250 g,38
pothys-snack-3195594,"Sunfeast Farmlite Oats And Raisins Biscuits",biscuits-snacks,150 g,38
pothys-snack-3140512,"Sunfeast Farmlite Oats With Almonds Biscuits",biscuits-snacks,150 g,38
pothys-snack-3195691,"Sunfeast Farmlite Oats With Chocolate Biscuit",biscuits-snacks,150 g,38
pothys-snack-3412785,"sunfeast farmlite super millets cookies",biscuits-snacks,75 g,38
pothys-snack-2917184,"Sunfeast Farmlite Veda Digestive",biscuits-snacks,100 g,38
pothys-snack-2916539,"Sunfeast Glucose Biscuits",biscuits-snacks,56 g,38
pothys-snack-3141618,"Sunfeast Glucose Plus Buscuits",biscuits-snacks,1 kg,38
pothys-snack-3136422,"Sunfeast Hi Fi Cashew Butter Cookies",biscuits-snacks,40 g,38
shysha-bakery-9383,"Sunfeast Lemon Wowzers Biscuits, 128 g",biscuits-snacks,128 g,40
shysha-bakery-6310,"Sunfeast Marie Light Active Biscuits 186 g",biscuits-snacks,186 g,40
shysha-bakery-9678,"Sunfeast Marie Light Active Biscuits, 956 g (Family Pack)",biscuits-snacks,956 g,40
pothys-snack-3195792,"Sunfeast Marie Light Biscuits Active",biscuits-snacks,250 g,38
pothys-snack-3136423,"Sunfeast Marie Light Oats Biscuits",biscuits-snacks,75 g,38
zeev-45411,"Sunfeast Marie Light - Original Biscuits 4 nos",biscuits-snacks,4 pcs,60
pothys-snack-2916136,"Sunfeast Marie Light Rich Taste Biscuits",biscuits-snacks,120 g,38
shysha-bakery-6258,"Sunfeast Marie Light Veda 250g",biscuits-snacks,250 g,38
pothys-snack-3139060,"Sunfeast Marie Light Vita Biscuits",biscuits-snacks,120 g,38
shysha-bakery-6305,"Sunfeast Marie Thin Arrowroot Biscuit, 300g",biscuits-snacks,300 g,38
pothys-snack-2917776,"Sunfeast Moms Magic Butter Fills",biscuits-snacks,75 g,38
pothys-snack-3605877,"Sunfeast Moms Magic Cashew & Almond",biscuits-snacks,934 g,38
shysha-bakery-3736,"Sunfeast Moms Magic Cashew & Almond 183gm",biscuits-snacks,183 g,40
pothys-snack-2916028,"Sunfeast Moms Magic Cashew & Almond Biscuit",biscuits-snacks,120 g,38
shysha-bakery-9677,"Sunfeast Mom's Magic Cashew & Almond Biscuits, 544 g (5 N x 108.8 g each)",biscuits-snacks,544 g,40
pothys-snack-2917777,"Sunfeast Moms Magic Cashew Fills",biscuits-snacks,75 g,38
shysha-bakery-8926,"Sunfeast Mom's Magic Fruit and Milk 197gm",biscuits-snacks,197 g,40
pothys-snack-2916029,"Sunfeast Moms Magic Fruit And Milk Biscuit",biscuits-snacks,58 g,38
pothys-snack-3136424,"Sunfeast Moms Magic Rich Butter Cookies",biscuits-snacks,75 g,38
shysha-bakery-7378,"Sunfeast Nice 142g",biscuits-snacks,142 g,38
pothys-snack-2916137,"Sunfeast Nice Sugar Sprinkled Biscuits",biscuits-snacks,150 g,38
pothys-snack-3140905,"Sunfeast Special Choco Cream",biscuits-snacks,30 g,38
pothys-snack-3141530,"Sunfeast Special Elaichi Cream",biscuits-snacks,30 g,38
pothys-snack-3460484,"Sunfeast Supermilk Biscuits",biscuits-snacks,148.5 g,38
shysha-bakery-6394,"Sunfeast Thin Arrowroot Biscuits 150g",biscuits-snacks,150 g,38
pothys-snack-3195654,"Sunfeast Veda Marie Light Biscuits",biscuits-snacks,250 g,38
pothys-snack-3137535,"Sunfeast Yumfills Whoopie Pie",biscuits-snacks,300 g,38
zeev-157122,"Sunlight Detergent Powder 4 kg",cleaning-household,4 kg,60
zeev-158832,"Sunlight Matic Liquid Pouch 4 l",cleaning-household,4 L,60
epeedika-grocery-769,"Sunrich Refined Sunflower Oil 455g",oils-sugar,455 g,92
zeev-17931,"Sunsilk Coconut Water & Aloe Vera Volume Hair Shampoo 370 ml",personal-care,370 ml,60
zeev-19855,"Sunsilk Conditioner - Lusciously Thick & Long Nourishing 180 ml",personal-care,180 ml,60
zeev-157128,"Sunsilk Lusciously Thick & Long Conditioner 340 ml",personal-care,340 ml,60
zeev-17314,"Sunsilk Lusciously Thick & Long Shampoo 340 ml",personal-care,340 ml,60
zeev-157130,"Sunsilk Nourish Soft & Smooth Shampoo 340 ml",personal-care,340 ml,60
zeev-157132,"Sunsilk Oil Blends Argan Oil & Rosemary Frizz Smooth Shampoo 370 ml",personal-care,370 ml,60
zeev-157135,"Sunsilk Onion & Jojoba Oil Hairfall Shampoo 370 ml",personal-care,370 ml,60
zeev-48879,"Sunsilk Stunning Black Shine Conditioner 340 ml",personal-care,340 ml,60
epeedika-grocery-2315,"Supriyam Roasted Vermicelli Noodles 170g ( upma semiya)",rice-grains,170 g,23
epeedika-grocery-2400,"Suraj Matta Palada 200g",rice-grains,200 g,39
zeev-157153,"Surf Excel Detergent Liquid- Excel Matic Top Load 4 l",cleaning-household,4 L,60
zeev-4994,"Surf Excel Detergent - Liquid, Front Load 2 L",cleaning-household,2 L,60
zeev-4984,"Surf Excel Detergent - Liquid,Top Load 2 L",cleaning-household,2 L,60
zeev-5042,"Surf Excel Detergent Powder - Matic, Front Load 4 kg",cleaning-household,4 kg,60
zeev-18536,"Surf Excel Detergent Powder - Matic, Top Load 4 kg",cleaning-household,4 kg,60
zeev-158252,"Surf Excel Easy Wash 7 kg",cleaning-household,7 kg,60
zeev-4979,"Surf Excel Easy Wash Detergent Powder 1.5 kg",cleaning-household,1.5 kg,60
zeev-157151,"SURF EXCEL Front Load 3.2 l",cleaning-household,3.2 L,60
zeev-157146,"Surf Excel Front Load Detergent Liquid 4 l",cleaning-household,4 L,60
zeev-158210,"Surf Excel Matic Front Load 1.8 ltr",cleaning-household,1.8 L,60
zeev-158211,"Surf Excel Matic Top Load 1.8 ltr",cleaning-household,1.8 L,60
zeev-4988,"Surf Excel Matic Top Load Detergent Powder 2 kg",cleaning-household,2 kg,60
zeev-48881,"Surf Excel Matic Top Load Detergent Powder 3kg + 1kg Free 4 kg",cleaning-household,3 kg,60
zeev-5012,"Surf Excel Quick Wash Detergent Powder 2 kg",cleaning-household,2 kg,60
zeev-157152,"Surf Excel Top Load 3.2 l",cleaning-household,3.2 L,60
epeedika-grocery-1210,"Swamis Mustard seeds 100 Gm (Kaduk)",spices,100 g,14
zeev-3903,"Taj Mahal Tea 500 g",beverages,500 g,60
epeedika-grocery-2464,"Tamarind  250g  (Puli) AB Products",spices,250 g,35
epeedika-grocery-2528,"Tandoori Masala 50g / City's Master Chef",spices,50 g,47
zeev-48734,"Tasty Nibbles  Kerala Instant Sadya Palada Payasam Mix  200 g",biscuits-snacks,200 g,60
pothys-snack-3467274,"Tex Mex Salsalito Salsalito Nacho Creamy Cheese",dairy,150 g,38
epeedika-grocery-1959,"Thakolam 8g -Star Anise Whole",spices,8 g,18
pothys-snack-2917316,"The Belgian Bar Milk Chocolate with Hazelnut Crunch",biscuits-snacks,100 g,38
pothys-snack-2917317,"The Belgian Chocolate Bar Extra Dark 90%",biscuits-snacks,100 g,38
pothys-snack-2917661,"The Belgian Chocolate Bars Dark 72%",biscuits-snacks,100 g,38
pothys-snack-2917318,"The Belgian Chocolate Bars Dark 85%",biscuits-snacks,100 g,38
pothys-snack-2917440,"The Belgian No Sugar Added Bar Milk With Hazelnut",oils-sugar,100 g,38
pothys-snack-2917727,"The Happiness Co Hoper Surprise Color Choco Pops",biscuits-snacks,18 g,38
pothys-snack-3138739,"Thillai's Pop N Flix",biscuits-snacks,170 g,38
epeedika-grocery-1896,"Tholur chukku Kappi Jar Buy 1 Get 1 Free (150g x 2)",beverages,150 g,94
epeedika-grocery-2457,"Tholur Kudampuli 100g Cambodge",spices,100 g,32
epeedika-grocery-1897,"Tholur Tamarind 250g ( Puli )",spices,250 g,51
instamart-drink-thums-up-thums-up-pet-cola-sparkling-soft-dri,"Thums Up PET - Cola Sparkling Soft Drink",beverages,750 ml,87
instamart-drink-thums-up-thums-up-soft-drink-bottle,"Thums Up Soft Drink Bottle",beverages,750 ml,78
epeedika-grocery-292,"Thuvaraparippu - Toor Dal 500gm",pulses-legumes,500 g,60
pothys-snack-3139863,"Tic Tac Coca cola",beverages,7.7 g,38
pothys-snack-3195466,"Tic Tac Mint",biscuits-snacks,13 g,38
pothys-snack-3136434,"Tic Tac Orange",fruits,9.7 g,40
pothys-snack-3395233,"Tic Tac Red Apple",fruits,9.7 g,38
pothys-snack-3140826,"Tic Tac Saunf Flavour",spices,14.5 g,38
pothys-snack-3140024,"Tic Tac Seeds - Elaichi & Ginger Flavoured",vegetables,7.7 g,38
pothys-snack-3395219,"Tic Tac Spearmint",biscuits-snacks,10.7 g,38
zeev-5181,"Tide Detergent Bar Soap 200 g",cleaning-household,200 g,60
zeev-48137,"Tide Detergent Bar Soap (Pack of 5) 200 g",cleaning-household,200 g,60
zeev-29210,"Tide Detergent Washing Powder - Lemon & Mint, Extra Power, Tide+ 5 kg",cleaning-household,5 kg,60
zeev-49608,"Tide Matic Front Load - Detergent Powder 3 g",cleaning-household,3 g,60
zeev-5018,"Tide Plus Detergent Washing Powder - Extra Power Jasmine & Rose 1 kg",cleaning-household,1 kg,60
pothys-snack-3139927,"Tiffany Biscuits Sugar Free Lemon",biscuits-snacks,162 g,38
pothys-snack-3139845,"Tiffany Chocolate Flavoured Cream Wafer",biscuits-snacks,150 g,38
pothys-snack-3140850,"Tiffany Hazelnut Wafers",biscuits-snacks,150 g,38
pothys-snack-3139846,"Tiffany Orange Wafer",fruits,150 g,40
zeev-162669,"Tify Ginger Garlic Paste 200 g",sauces-condiments,200 g,60
pothys-snack-2917162,"Toblerone Crunchy Almonds",biscuits-snacks,100 g,38
pothys-snack-3138977,"Toblerone Milk Chocolate Bag",biscuits-snacks,120 g,38
pothys-snack-3137975,"Toblerone Tiny Swiss Mixed Chocolate - Honey & Almond Nougat",biscuits-snacks,272 g,38
pothys-snack-2917163,"Toblerone Toblerone Milk Chocolate - With Raisin Fruit N Nut",biscuits-snacks,100 g,38
pothys-snack-3474180,"Toffeeman Panner Toffee Jar",biscuits-snacks,750 g,38
pothys-snack-3139201,"Too Yumm Chips Classic Salted",biscuits-snacks,105 g,38
pothys-snack-3139066,"Too Yumm Multigrain Chips Dahi Papdi Chaat",biscuits-snacks,72 g,38
pothys-snack-3659627,"Too Yumm Multigrain Chips Tangy Tomato",biscuits-snacks,60 g,38
pothys-snack-3637257,"Too Yumm Namkeen Aloo Bhujia",biscuits-snacks,350 g,38
pothys-snack-3659628,"Too Yumm Veggie Stix Chili Chataka",biscuits-snacks,60 g,38
pothys-snack-2917218,"Town Bus Aloo Bhujia",biscuits-snacks,120 g,38
pothys-snack-3138556,"Town Bus Chana Dal",biscuits-snacks,120 g,38
pothys-snack-3395489,"Townbus Moong Dal",pulses-legumes,30 g,38
pothys-snack-3140898,"Town Bus Omapudi",biscuits-snacks,120 g,38
zeev-14551,"TRESemme Conditioner - Smooth & Shine 190 ml",personal-care,190 ml,60
zeev-48882,"TRESemme Hair Fall Defense Conditioner 180 ml",personal-care,180 ml,60
zeev-157294,"Tresemme Keratin Smooth Conditioner 340 ml",personal-care,340 ml,60
zeev-158373,"Tresemme Lamellar Gloss Shampoo 340 ml",personal-care,340 ml,60
zeev-32071,"TRESemme Shampoo - Hair Fall Defense 340 ml",personal-care,340 ml,60
zeev-38477,"TRESemme Shampoo - Keratin Smooth 340 ml",personal-care,340 ml,60
zeev-158407,"Tres Keratin Smooth Conditioner 190 ml",personal-care,190 ml,60
shysha-bakery-8858,"Tropicana Guava Delight Fruit Juice 1 L",beverages,1 L,38
shysha-bakery-8862,"Tropicana Mixed Fruit Delight Juice 1 L",beverages,1 L,38
shysha-bakery-8863,"Tropicana Pomegranate Delight Fruit Juice 1 L",beverages,1 L,40
shysha-bakery-6447,"Tropicana Slice Mango Fruit Drink 1.2 L",beverages,1.2 L,38
shysha-bakery-9387,"Tropicana Slice Mango Fruit Drink 600 ml",beverages,600 ml,40
pothys-snack-3139555,"Twix Chocolate",biscuits-snacks,50 g,38
pothys-snack-3417164,"Twix Minis Twix",biscuits-snacks,100 g,38
zeev-5117,"Ujala Detergent Powder - Instant Dirt Dissolvers 4 kg",cleaning-household,4 kg,60
zeev-45960,"Ujala IDD Detergent Powder - 4 Kg With Free Detergent - 1 Kg 1 pack",cleaning-household,4 kg,60
zeev-162665,"Ujala Liquid Detergent Top Load - Bucket Wash 4 l",cleaning-household,4 L,60
zeev-164663,"Ujala Young & Fresh Aura Btl 900 ml (Fabric Conditioner)",cleaning-household,900 ml,60
epeedika-grocery-18,"unakkalari 1 kg (Raw Rice)",rice-grains,1 kg,55
pothys-snack-4270726,"UNBIC Danish Butter Cookies",biscuits-snacks,375 g,38
epeedika-grocery-19,"Unda Pachari 1 kg ( Raw Rice)",rice-grains,1 kg,46
pothys-snack-3137918,"Unibic Biscott Caramel & Cinnamom Flavour",biscuits-snacks,120 g,38
pothys-snack-2916154,"Unibic Butter Cookies",biscuits-snacks,150 g,38
shysha-bakery-8373,"Unibic Cashew Badam Cookies 150gm",biscuits-snacks,150 g,38
shysha-bakery-8362,"Unibic Cashew Badam Cookies 300gm",biscuits-snacks,300 g,38
pothys-snack-3137207,"Unibic Cashew Badam Cookies Combo Pack",biscuits-snacks,300 g,38
pothys-snack-2916314,"Unibic Cashew Butter Cookies",biscuits-snacks,75 g,38
pothys-snack-3139556,"Unibic Cashew Cookies",biscuits-snacks,150 g,38
shysha-bakery-8377,"Unibic Cashew Cookies 150g",biscuits-snacks,150 g,38
pothys-snack-2916155,"Unibic Choco Chip Cookies",biscuits-snacks,75 g,38
pothys-snack-3196554,"Unibic Choco Fudge Cake",biscuits-snacks,220 g,38
pothys-snack-3136680,"Unibic Choco Kiss Cookies",biscuits-snacks,250 g,38
pothys-snack-2916156,"Unibic Choco Nut Cookies",biscuits-snacks,75 g,38
shysha-bakery-8371,"Unibic Choconut Cookies 150gm",biscuits-snacks,150 g,38
shysha-bakery-8374,"Unibic Choco Ripple Cookies 130gm",biscuits-snacks,130 g,38
pothys-snack-3763688,"Unibic Cookie Carnival",biscuits-snacks,750 g,38
pothys-snack-3139181,"Unibic Cookies Cashew Badam",biscuits-snacks,500 g,38
pothys-snack-3197240,"Unibic Dates Carrot Pudding Cake",biscuits-snacks,220 g,38
pothys-snack-3763769,"Unibic Festive Moments Cookies",biscuits-snacks,500 g,38
pothys-snack-3461747,"Unibic Foods Qubz Wafer Cubes",biscuits-snacks,150 g,38
pothys-snack-2916157,"Unibic Fruit And Nut Cookies",biscuits-snacks,75 g,38
pothys-snack-3197092,"Unibic Fruit N Nut Cake",biscuits-snacks,220 g,38
shysha-bakery-8372,"Unibic Fruit & Nut Cookies  150gm",biscuits-snacks,150 g,38
pothys-snack-2916158,"Unibic Ginger Nut Cookies",biscuits-snacks,75 g,38
pothys-snack-3139557,"Unibic Honey Oatmeal Cookies",biscuits-snacks,75 g,38
pothys-snack-2916315,"Unibic Milk Cookies Offer Pack",biscuits-snacks,100 g,38
pothys-snack-3139651,"Unibic Multigrain Choco Snack Bar",biscuits-snacks,30 g,38
pothys-snack-3136438,"Unibic Oatmeal Digestive Cookies Offer Pack",biscuits-snacks,150 g,38
shysha-bakery-8375,"Unibic Orange Splash Cookies 130gm",biscuits-snacks,130 g,38
pothys-snack-2916159,"Unibic Pista Badam Cookies",biscuits-snacks,75 g,38
pothys-snack-2917799,"Unibic Plum Cake",biscuits-snacks,330 g,38
pothys-snack-3196547,"Unibic Potato Bites",biscuits-snacks,300 g,38
pothys-snack-3461798,"Unibic Qubz Belgian Chocolate Wafers",biscuits-snacks,150 g,38
pothys-snack-3461754,"Unibic Qubz Hazelnut Wafer",biscuits-snacks,150 g,38
pothys-snack-3197035,"Unibic Royal Venilla Cake",biscuits-snacks,220 g,38
pothys-snack-3139613,"Unibic Scotch Finger Cookies",biscuits-snacks,100 g,38
pothys-snack-2916638,"Unibic Snack Bar Choco Nutty Nuts",biscuits-snacks,30 g,38
pothys-snack-2917508,"Unibic Snappers Potato Crackers Indi Spice",biscuits-snacks,300 g,38
pothys-snack-3195842,"Unibic Snappers Potato Crakers Cream N Onion",biscuits-snacks,75 g,38
pothys-snack-3139614,"Unibic Sugarfree Butter Cookies",biscuits-snacks,75 g,38
pothys-snack-3139615,"Unibic Sugarfree Cashew Cookies",biscuits-snacks,75 g,38
pothys-snack-3139616,"Unibic Sugar Free Oatmeal Cookies",biscuits-snacks,75 g,38
shysha-bakery-8376,"Unibic Sugar Free Oat Meal Cookies 150gm",biscuits-snacks,150 g,38
epeedika-grocery-300,"Uzhunnu ball 500gm",pulses-legumes,500 g,62
epeedika-grocery-298,"Vada Parippu / Piece Parippu 500gm",pulses-legumes,500 g,30
zeev-158356,"Vadimatta Rice 5 kg",rice-grains,5 kg,60
pothys-snack-3739544,"Vandy's Roasted Makhana Tangy Chilli",biscuits-snacks,30 g,38
epeedika-grocery-291,"Vanpayar -Flat 500 Gm",pulses-legumes,500 g,57
zeev-157390,"Vaseline Aloe Fresh Body Lotion 600 ml",personal-care,600 ml,60
zeev-150099,"Vaseline Body Lotion - 10 In 1 Healthy Bright AHA Jelly  400 ml",personal-care,400 ml,60
zeev-48991,"Vaseline   Cocoa Glow With Pure Cocoa&Shea Butter Vaseline Jelly  600 ml",personal-care,600 ml,60
zeev-48890,"Vaseline Deep Restore - Body Lotion 600 ml",personal-care,600 ml,60
zeev-29645,"Vaseline Derma Care Advanced Repair Body Lotion 400 ml",personal-care,400 ml,60
zeev-157386,"Vaseline GLUTA-HYA FLAWLESS GLOW SERUM IN LOTION 200 ml",personal-care,200 ml,60
zeev-157385,"Vaseline HB GLUTA-HYA DEWY RADIANCE SERUM IN LOTION 200 ml",personal-care,200 ml,60
zeev-158248,"Vaseline Hb Gluta-Hya Overnight Radiance Serum In Lotion 200 ml",personal-care,200 ml,60
zeev-47458,"Vaseline Healthy Bright Daily Brightening Body Lotion 400 ml",personal-care,400 ml,60
zeev-157377,"Vaseline Healthy Bright Sun Protect SPF 30 Serum In Lotion 600 ml",personal-care,600 ml,60
zeev-157389,"Vaseline IC Deep Moisture Body Lotion  400 ml",personal-care,400 ml,60
zeev-11824,"Vaseline Intensive Care Aloe Fresh Body Lotion 400 ml",personal-care,400 ml,60
zeev-45594,"Vaseline Intensive Care Cocoa Glow Body Lotion 200 ml",personal-care,200 ml,60
zeev-21016,"Vaseline Intensive Care Cocoa Glow Body Lotion 400 ml",personal-care,400 ml,60
zeev-12699,"Vaseline Intensive Care Deep Restore Body Lotion 200 ml",personal-care,200 ml,60
zeev-157392,"Vaseline Light Hydrate Serum Lotion 400 ml",personal-care,400 ml,60
zeev-33649,"Vaseline Lip Care Total Moisture 10 g",personal-care,10 g,60
zeev-157397,"Vaseline Original 200 g",personal-care,200 g,60
zeev-45591,"Vaseline Petroleum Jelly 85 g",personal-care,85 g,60
zeev-157396,"Vaseline Rosy Lips 17 g",personal-care,17 g,60
zeev-48140,"Vim Dishwash Bar Anti Smell with Pudina (pack of 5) 200 g",cleaning-household,200 g,60
zeev-158434,"Vim Floor Cleaner Ultra Pro Lemon 1 l",cleaning-household,1 L,60
zeev-158321,"Vim Gel Shuddham Sandalwood & Tamarind 250 ml",cleaning-household,250 ml,60
zeev-150261,"Vim Liquid Pouch 2 l",cleaning-household,2 L,60
zeev-158322,"Vim Spray Shuddham Sandalwood & Tamarind 450 ml",cleaning-household,450 ml,60
zeev-158368,"Vim Ultrapro Floor Cleaner Lavender 1 l",cleaning-household,1 L,60
zeev-158370,"Vim Ultrapro Floor Cleaner Lemongrass 1 l",cleaning-household,1 L,60
zeev-164648,"Viswabrahmas Asafoetida Cake 100 g",biscuits-snacks,100 g,60
zeev-164513,"Viswabrahmas Asafoetida Powder 100 g",spices,100 g,60
zeev-164647,"Viswabrahmas Asafoetida Powder 50 g",spices,50 g,60
zeev-48624,"Vlcc Insta Fair & Glow Moisturizer Cold Cream  75 g",personal-care,75 g,60
pothys-snack-2916644,"Weikfield Jelly Crystals Orange",biscuits-snacks,100 g,38
pothys-snack-3414296,"Well Be Crunchy Cornflakes Mixture",biscuits-snacks,150 g,38
pothys-snack-3414324,"Well Be Crunchy Khara Chakil",biscuits-snacks,135 g,38
pothys-snack-3414342,"Well Be Crunchy Khara Sev",biscuits-snacks,135 g,38
pothys-snack-3414310,"Well Be Crunchy Kodbale",biscuits-snacks,135 g,38
pothys-snack-3414347,"Well Be Crunchy Murukku",biscuits-snacks,135 g,38
pothys-snack-3414301,"Well Be Crunchy Navratan Mixture",biscuits-snacks,135 g,38
pothys-snack-3414317,"Well Be Crunchy Nippattu",biscuits-snacks,135 g,38
pothys-snack-3414433,"Well Be Crunchy Ribbon Pakoda",biscuits-snacks,135 g,38
pothys-snack-3414340,"Well Bell Crunchy Bhel Puri With Chutney",sauces-condiments,135 g,38
pothys-snack-3196621,"Werthers Orginal Chewy Toffee",biscuits-snacks,180 g,38
zeev-157547,"Whisper Bindazzz Night Period Panty 1 pack",personal-care,1 pack,60
zeev-47907,"Whisper Bindazzz Night Sanitary Pads - XXL 10 pcs",personal-care,10 pcs,60
zeev-46744,"Whisper Bindazzz Night Sanitary Pads  - XXXL 10 nos",personal-care,10 pcs,60
zeev-157549,"Whisper Bindazzz Nights Period Panty 12 nos",personal-care,12 pcs,60
zeev-49361,"Whisper  Choice Sanitary Pads - Extra Long XL 	 18 pcs",personal-care,18 pcs,60
zeev-157553,"Whisper Choice Ultra -Xl Pads 40 nos",personal-care,40 pcs,60
zeev-36373,"Whisper Sanitary Pads - Choice Ultra Wings Extra Large 20 pcs",personal-care,20 pcs,60
zeev-27744,"Whisper Sanitary Pads - XL Plus, Ultra Soft 30 pcs",personal-care,30 pcs,60
zeev-45571,"Whisper Sanitary Pads - XL Plus,  Ultra Soft Air Fresh  (Buy 2 Get 1 Free) 3 x 15 Pads",personal-care,1 pc,60
zeev-149955,"Whisper Ultra Sanitary Pads  20 pcs",personal-care,20 pcs,60
epeedika-grocery-293,"White Kadala- Kabhoolikadala 500gm",pulses-legumes,500 g,63
epeedika-grocery-304,"White Peas / Matar 500g",pulses-legumes,500 g,30
epeedika-grocery-1056,"Whole Coriander / Malli 100 Gm",spices,100 g,21
epeedika-grocery-1258,"Whole Garam Masala Rs;10 Packet",spices,10 packet,9
pothys-snack-2916795,"Winkies Cake Vanilla Cream",biscuits-snacks,35 g,38
pothys-snack-2916316,"Winkies Chocolate Cake Sliced",biscuits-snacks,130 g,38
pothys-snack-3139572,"Winkies Fruit Cake",biscuits-snacks,130 g,38
pothys-snack-3139849,"Winkies Rich Butter Fruit Cake",biscuits-snacks,275 g,38
pothys-snack-3140031,"Winkies Swiss Roll Chocolate",biscuits-snacks,185 g,38
pothys-snack-3139917,"Winkies Swiss Roll Starwberry",biscuits-snacks,185 g,38
pothys-snack-2916317,"Winkles Marble Cake Sliced",biscuits-snacks,130 g,38
zeev-42765,"Wipro Safe Wash Liquid Detergent -Premium 100 g",cleaning-household,100 g,60
zeev-42766,"Wipro Safe Wash Liquid Detergent -Premium 2 x 500 g",cleaning-household,500 g,60
pothys-snack-3140524,"Wrigley's Doublemint Chewy Lemon Mints",vegetables,33.6 g,38
pothys-snack-3140486,"Wrigley's Doublemint Peppermint Chewing Gum",biscuits-snacks,80.85,38
pothys-snack-3449543,"Wrigley's Doublemint Spear Mint",biscuits-snacks,1 pc,38
pothys-snack-3140525,"Wrigley's Orbit Chewing Gum Mixed Fruit Flavour",biscuits-snacks,6 pcs,38
pothys-snack-3140510,"Wrigley's Orbit Spearmint Chewing Gum",biscuits-snacks,4.4 g,38
pothys-snack-3140667,"Wrigley's Orbit White Freshmint Sugar Free Chewing Gum",biscuits-snacks,8.8 g,38
zeev-162667,"Yardley Floral Essence Shower Gel Gardenia & Waterlily 500 ml (Shower Gel)",personal-care,500 ml,60
zeev-41784,"Yardley London Body Lotion - English Rose 350 ml",personal-care,350 ml,60
zeev-149914,"Yardley London English Lavender Handwash (750 Ml+750Ml Pouch) 1 pack",personal-care,750 ml,60
zeev-49500,"Yardley London English Lavender - Talc 	 400 g",personal-care,400 g,60
zeev-149830,"Yardley London Hand Wash  Floral Essence Iris & Violet Buy 2 750 ml",personal-care,750 ml,60
zeev-164729,"Yardley London Morning Dew Lily Of Valley & Frangipani Talc 400 g",personal-care,400 g,60
zeev-162663,"Yardley Morning Dew Shower Gel 500 ml (Shower Gel)",personal-care,500 ml,60
epeedika-grocery-1345,"Yippee Magic Masala Noodles, 140 g, 2 in 1 pack",biscuits-snacks,140 g,30
epeedika-grocery-180,"Yippee Magic Masala Noodles 420gm",biscuits-snacks,420 g,89
epeedika-grocery-1347,"Yippee Magic Masala Noodles 4 in 1 - 280g",biscuits-snacks,280 g,60
pothys-snack-3140702,"Yoga Bar Muesli Dark Chocolate & Cranberry",biscuits-snacks,700 g,38
pothys-snack-2917388,"Zess Cheese Sandwich Cracker",dairy,180 g,38
pothys-snack-2917699,"Zess Chocolate Biscuits",biscuits-snacks,148 g,38
pothys-snack-2917389,"Zess Chocolate Sandwich Biscuits",biscuits-snacks,264.6 g,38
pothys-snack-3140610,"Zubi Rock Candy Lolly",biscuits-snacks,20 g,38
pothys-snack-3139164,"Zubi Small Lollypop",biscuits-snacks,30 g,38
pothys-veg-3196820,"അഗത്തിച്ചീര",vegetables,1 bunch,13
shysha-bakery-9601,"അതിഥി ഈത്തപ്പഴം പുഡ്ഡിംഗ് കേക്ക് 150g",biscuits-snacks,150 g,60
shysha-bakery-9599,"അതിഥി കാരറ്റ് പുഡ്ഡിംഗ് കേക്ക് 150g",biscuits-snacks,150 g,60
shysha-bakery-9605,"അതിഥി ചക്ക പുഡ്ഡിംഗ് കേക്ക് 140g",biscuits-snacks,140 g,60
shysha-bakery-9590,"അതിഥി ബനാന പുഡ്ഡിംഗ് കേക്ക് 150g",biscuits-snacks,150 g,60
shysha-bakery-9607,"അതിഥി റെഡ് വെൽവെറ്റ് കേക്ക് 150g",biscuits-snacks,150 g,60
foodprint-fruit-figs,"അത്തിപ്പഴം (Fresh Figs)",fruits,500 g,190
pothys-veg-3137736,"അമരക്ക",vegetables,250 g,15
pothys-veg-3194546,"അരക്കീര",vegetables,1 bunch,13
foodprint-fruit-mango,"അൽഫോൻസോ മാമ്പഴം (Alphonso Mango)",fruits,1 kg,160
foodprint-fruit-avocado,"അവക്കാഡോ / ബട്ടർ ഫ്രൂട്ട് (Avocado)",fruits,500 g,160
foodprint-fruit-custard-apple,"ആത്തച്ചക്ക (Custard Apple)",fruits,1 kg,130
pothys-snack-3196952,"ആനന്ദി സ്വീറ്റ് മിക്സ്ചർ",biscuits-snacks,150 g,38
foodprint-fruit-apple,"ആപ്പിൾ (Royal Gala Apple)",fruits,1 kg,180
foodprint-fruit-apricot,"ആപ്രിക്കോട്ട് (Fresh Apricot)",fruits,500 g,260
ginger-garlic,"ഇഞ്ചി",vegetables,250 g,55
foodprint-fruit-dates,"ഈത്തപ്പഴം (Fresh Dates)",fruits,500 g,180
pothys-veg-2918121,"ഉരുളക്കിഴങ്ങ്",vegetables,1 pack,19
pothys-veg-3194530,"ഉലുവയില",spices,1 bunch,25
shysha-bakery-3816,"ഉള്ളിവട (1 എണ്ണം)",oils-sugar,1 pc,38
shysha-bakery-3814,"ഉഴുന്നുവട (1 എണ്ണം)",oils-sugar,1 pc,38
pothys-snack-3606609,"എരിവുള്ള നേന്ത്രക്കായ വറുത്തത് (Spicy Banana Chips)",biscuits-snacks,65 g,38
shysha-bakery-4492,"എലൈറ്റ് ഈത്തപ്പഴം പുഡ്ഡിംഗ് കേക്ക് 500g",biscuits-snacks,500 g,230
shysha-bakery-6754,"എലൈറ്റ് കാരറ്റ് പുഡ്ഡിംഗ് കേക്ക് 150g",biscuits-snacks,150 g,60
shysha-bakery-4457,"എലൈറ്റ് കാരറ്റ് പുഡ്ഡിംഗ് കേക്ക് 500g",biscuits-snacks,500 g,240
shysha-bakery-4491,"എലൈറ്റ് ചക്ക പുഡ്ഡിംഗ് കേക്ക് 500g",biscuits-snacks,500 g,230
shysha-bakery-8140,"എലൈറ്റ് പൈനാപ്പിൾ പുഡ്ഡിംഗ് കേക്ക് 500g",biscuits-snacks,500 g,240
shysha-bakery-6864,"എലൈറ്റ് പ്ലം കേക്ക് 330g",biscuits-snacks,330 g,170
shysha-bakery-4456,"എലൈറ്റ് പ്ലം കേക്ക് 680g",biscuits-snacks,680 g,320
shysha-bakery-5225,"എലൈറ്റ് ബ്രെഡ് 600g",biscuits-snacks,600 g,65
prod-1788524864379-4379,"എള്ള്",spices,500 g,32
pothys-veg-3137264,"ഏത്തക്കായ",vegetables,1 pc,8
foodprint-fruit-asian-pear,"ഏഷ്യൻ പിയർ / സബർജിൽ (Crisp Asian Pear)",fruits,1 kg,190
shysha-bakery-10050,"ഏഷ്യൻസ് നേന്ത്രക്കായ വറുത്തത് (Banana Chips) 300g",biscuits-snacks,300 g,38
foodprint-fruit-citrus-orange,"ഓറഞ്ച് (Sweet Citrus Oranges)",fruits,1 kg,95
pothys-veg-3137570,"കണിവെള്ളരി",vegetables,1 kg,25
fruit-kadali-banana,"കദളിപ്പഴം (Kadali Pooja Banana)",fruits,500 g,45
pothys-veg-3137760,"കപ്പ",vegetables,500 g,18
pothys-snack-3608225,"കപ്പ ചിപ്സ് (Tapioca Chips)",biscuits-snacks,65 g,38
foodprint-fruit-mandarin,"കമലാ ഓറഞ്ച് (Nagpur Mandarin)",fruits,1 kg,110
pothys-veg-3136925,"കറിവേപ്പില",vegetables,100 g,7
fruit-black-grapes,"കറുത്ത മുന്തിരി (Black Paneer Grapes)",fruits,500 g,75
pothys-veg-3136478,"കാബേജ്",vegetables,1 kg,20
pothys-veg-3136480,"കാരറ്റ്",vegetables,500 g,27
prod-1788524492537-2537,"കാശ്മീരി മുളക് പൊടി",spices,500 g,65
foodprint-fruit-kiwi,"കിവി ഫ്രൂട്ട് (Green Kiwi)",fruits,3 pcs pack,110
shysha-bakery-9395,"കുക്കീസ് & ക്രീം ഐസ്ക്രീം",biscuits-snacks,1 pack,190
pothys-veg-2918119,"കുമ്പളങ്ങ",vegetables,1 kg,27
prod-1788523256881-6881,"കുരുമുളക് പൊടി",spices,500 g,160
pothys-veg-3137155,"കൂൺ",vegetables,200 g,60
pothys-snack-3608233,"കേരള കപ്പ ചിപ്സ് (Tapioca Chips)",biscuits-snacks,65 g,38
foodprint-fruit-pineapple,"കൈതച്ചക്ക / പൈനാപ്പിൾ (Pineapple)",fruits,1 pc (approx 1.2kg),60
pothys-veg-3137737,"കൊത്തമര",vegetables,250 g,12
pothys-veg-3137738,"കോവയ്ക്ക",vegetables,500 g,20
pothys-veg-3136481,"കോളിഫ്ലവർ",vegetables,1 pc,24
pothys-veg-3136514,"കോൾറാബി",vegetables,500 g,17
pothys-veg-3136479,"ക്യാപ്സിക്കം",vegetables,1 kg,40
pothys-veg-4650043,"ഗുണ്ടു മുളക്",vegetables,1 kg,67
shysha-bakery-9982,"ഗ്രാൻഡ്മാസ് ഓറഞ്ച് സ്ക്വാഷ് 700ml",fruits,700 ml,38
shysha-bakery-9975,"ഗ്രാൻഡ്മാസ് ഗ്രേപ്പ് സ്ക്വാഷ് 500ml",biscuits-snacks,500 ml,38
shysha-bakery-9981,"ഗ്രാൻഡ്മാസ് പൈനാപ്പിൾ സ്ക്വാഷ് 700ml",fruits,700 ml,38
zeev-154283,"ഗ്രാൻഡ്മാസ് പൈനാപ്പിൾ സ്ട്രോബെറി ജാം 400g",sauces-condiments,400 g,60
shysha-bakery-9980,"ഗ്രാൻഡ്മാസ് മാംഗോ സ്ക്വാഷ് 700ml",biscuits-snacks,700 ml,38
prod-1788522332576-2576,"ഗ്രീൻപീസ്",pulses-legumes,1 kg,68
pothys-veg-3194666,"ചങ്ങലംപരണ്ട",vegetables,250 g,86
prod-1788524886356-6356,"ചാട്ട് മസാല",spices,500 g,55
pothys-veg-3137246,"ചുരയ്ക്ക",vegetables,1 kg,27
fruit-chenkadali-banana,"ചെങ്കദളി പഴം (Red Banana / കപ്പപ്പഴം)",fruits,500 g,46
pothys-veg-3137808,"ചെറിയ ഉള്ളി",vegetables,1 kg,108
pothys-veg-3194462,"ചെറുചീര",vegetables,1 bunch,11
pothys-veg-3136516,"ചെറുനാരങ്ങ",vegetables,250 g,100
foodprint-fruit-lemons,"ചെറുനാരങ്ങ (Fresh Juicy Lemons)",vegetables,250 g,40
pothys-veg-3137153,"ചേന",vegetables,500 g,26
pothys-veg-3137816,"ചേമ്പ്",vegetables,500 g,37
pothys-veg-3194508,"ചൈനീസ് കാബേജ്",vegetables,1 kg,110
shysha-bakery-4905,"ചോക്കോ ബ്ലാക്ക് ഫോറസ്റ്റ് കേക്ക് 1 kg",biscuits-snacks,1 kg,700
shysha-bakery-9280,"ചോക്ലേറ്റ് ഐസ്ക്രീം ടബ്",biscuits-snacks,1 pack,180
pothys-veg-3194459,"ചോളം",vegetables,1 pc,32
pothys-veg-3136547,"ചൗ ചൗ",vegetables,500 g,17
fruit-njalipoovan-elakki,"ഞാലിപ്പൂവൻ പഴം (ഏലക്കി / Yelakki Banana)",fruits,500 g,35
shysha-bakery-6446,"ടാങ് ഓറഞ്ച് ഇൻസ്റ്റന്റ് മിക്സ് 500g",fruits,500 g,38
shysha-bakery-7137,"ടാങ് ഓറഞ്ച് ഇൻസ്റ്റന്റ് മിക്സ് 75g",fruits,75 g,38
shysha-bakery-7129,"ടാങ് മാംഗോ ഇൻസ്റ്റന്റ് മിക്സ് 500g",biscuits-snacks,500 g,38
shysha-bakery-7134,"ടാങ് മാംഗോ ഇൻസ്റ്റന്റ് മിക്സ് 75g",biscuits-snacks,75 g,38
shysha-bakery-7135,"ടാങ് ലെമൺ ഇൻസ്റ്റന്റ് മിക്സ് 75g",biscuits-snacks,75 g,38
shysha-bakery-7133,"ടാങ് ലെമൺ ഇൻസ്റ്റന്റ് മിക്സ് (നാരങ്ങ വെള്ളം) 500g",beverages,500 g,38
pothys-snack-3406284,"ടൗൺബസ് മദ്രാസ് മിക്സ്ചർ",biscuits-snacks,1 pack,38
pothys-snack-3406301,"ടൗൺബസ് റിബ്ബൺ പക്കോഡ",biscuits-snacks,1 pc,38
foodprint-fruit-dragon-fruit,"ഡ്രാഗൺ ഫ്രൂട്ട് (Red Dragon Fruit)",fruits,1 pc (approx 400g),120
pothys-veg-3137640,"തക്കാളി",vegetables,1 kg,15
pothys-veg-3194463,"തണ്ട് ചീര",vegetables,1 bunch,24
foodprint-fruit-watermelon,"തണ്ണിമത്തൻ (Sweet Striped Watermelon)",fruits,1 pc (approx 2.5kg),45
prod-1788525998809-8809,"താറാവ് മുട്ട",dairy,6 pcs,38
pothys-snack-3138883,"തിരുമല മൈസൂർ പാക്ക് (Mysore Pak)",biscuits-snacks,250 g,38
zeev-43960,"തോലൂർ ചുക്കുകാപ്പി 150g",spices,150 g,60
foodprint-fruit-gooseberries,"നെല്ലിക്ക (Indian Gooseberry / Amla)",fruits,500 g,60
pothys-snack-3608247,"നേന്ത്രക്കായ വറുത്തത് (Banana Chips)",biscuits-snacks,95 g,38
fruit-nendran-banana,"നേന്ത്രപ്പഴം (ഏത്തപ്പഴം / Kerala Nendran)",fruits,1 kg,48
pothys-veg-3137806,"പച്ചക്കപ്പലണ്ടി",vegetables,500 g,47
fruit-pachakkaya-plantain,"പച്ചക്കായ (ഏത്തക്കായ / Raw Green Plantain)",vegetables,500 g,25
pothys-veg-3197033,"പച്ചമഞ്ഞൾ",vegetables,1 pc,12
pothys-veg-3136928,"പച്ചമാങ്ങ",vegetables,500 g,113
fruit-green-grapes,"പച്ച മുന്തിരി (Green Seedless Grapes)",fruits,500 g,85
pothys-veg-3136926,"പച്ചമുളക്",vegetables,100 g,7
pothys-veg-3136537,"പടവലങ്ങ",vegetables,1 kg,27
foodprint-fruit-papaya,"പപ്പായ (Fresh Papaya)",fruits,1 pc (approx 1kg),55
pothys-veg-3194574,"പാർസിലി",vegetables,1 bunch,114
pothys-veg-3194446,"പാലക് ചീര",vegetables,1 bunch,14
pothys-veg-3137735,"പാവയ്ക്ക",vegetables,1 kg,34
foodprint-fruit-passion-fruit,"പാഷൻ ഫ്രൂട്ട് (Passion Fruit)",fruits,500 g,130
foodprint-fruit-pears,"പിയേഴ്സ് / സബർജിൽ (Green Pears)",fruits,1 kg,150
shysha-bakery-9291,"പിസ്ത ഐസ്ക്രീം ടബ്",dairy,1 pack,190
pothys-veg-3136929,"പീച്ചിങ്ങ",vegetables,500 g,25
foodprint-fruit-peach,"പീച്ച് പഴം (Fresh Peach)",fruits,500 g,210
pothys-veg-3136522,"പുതിനയില",vegetables,1 bunch,8
fruit-poovan-banana,"പൂവൻ പഴം (Poovan Banana)",fruits,500 g,28
foodprint-fruit-guava,"പേരയ്ക്ക (Fresh Guava)",fruits,1 kg,70
pothys-veg-3196682,"പൊന്നങ്കണ്ണി ചീര",vegetables,1 bunch,13
shysha-bakery-4912,"പ്രീമിയം ചോക്കോ ബ്ലാക്ക് ഫോറസ്റ്റ് കേക്ക് 1 kg",biscuits-snacks,1 kg,700
foodprint-fruit-plum,"പ്ലംസ് (Sweet Indian Plums)",fruits,500 g,160
fish-mackerel,"ഫ്രഷ് അയല (Mackerel)",fish,1 kg,220
mutton-fresh,"ഫ്രഷ് ആട്ടിറച്ചി (മട്ടൻ)",meats,1 kg,160
eggs,"ഫ്രഷ് കോഴിമുട്ട (White Eggs)",dairy,6 pack,38
chicken-broiler,"ഫ്രഷ് കോഴിയിറച്ചി (ചിക്കൻ)",meats,1 kg,160
fish-prawns,"ഫ്രഷ് ചെമ്മീൻ (Prawns)",fish,500 g,220
beef-fresh,"ഫ്രഷ് പോത്തിറച്ചി (ബീഫ്)",meats,1 kg,368
fish-sardine,"ഫ്രഷ് മത്തി / ചാള (Sardine)",fish,1 kg,220
paneer,"ഫ്രഷ് മലായ് പനീർ (Paneer)",dairy,200 g,85
pothys-veg-3138804,"ബജ്ജി മുളക്",vegetables,250 g,10
shysha-bakery-9389,"ബട്ടർസ്കോച്ച് ഐസ്ക്രീം ടബ്",dairy,1 pack,190
foodprint-fruit-pomelo,"ബബ്ലൂസ് നാരങ്ങ (Pomelo Grapefruit)",fruits,1 pc (approx 1kg),110
pothys-veg-3137652,"ബീൻസ്",vegetables,250 g,21
pothys-veg-3136467,"ബീറ്റ്‌റൂട്ട്",vegetables,500 g,19
pothys-veg-2918120,"ബേബി കോൺ",vegetables,1 pack,36
pothys-veg-3136477,"ബ്രോക്കോളി",vegetables,500 g,55
shysha-bakery-4913,"ബ്ലാക്ക് ഫോറസ്റ്റ് കേക്ക് (സ്ക്വയർ) 1 kg",biscuits-snacks,1 kg,690
shysha-bakery-4916,"ബ്ലാക്ക് ഫോറസ്റ്റ് കേക്ക് (റൗണ്ട്) 1 kg",biscuits-snacks,1 kg,700
foodprint-fruit-blackberries,"ബ്ലാക്ക്ബെറി & റാസ്പ്ബെറി (Brambles & Berries)",fruits,250 g,240
foodprint-fruit-blueberries,"ബ്ലൂബെറി (Fresh Blueberries)",fruits,125 g,220
pothys-veg-3194532,"മണത്തക്കാളി ഇല",vegetables,1 bunch,14
pothys-veg-3138916,"മത്തങ്ങ",vegetables,500 g,12
pothys-veg-3137810,"മധുരക്കിഴങ്ങ്",vegetables,1 kg,62
pothys-veg-3136483,"മല്ലിയില",vegetables,1 bunch,5
pothys-veg-3194520,"മാങ്ങാ ഇഞ്ചി",vegetables,100 g,12
foodprint-fruit-pomegranate,"മാതളനാരങ്ങ (Ruby Pomegranate)",fruits,1 kg,190
pothys-veg-3194447,"മാഹളി കിഴങ്ങ്",vegetables,500 g,88
zeev-149829,"മിൽക്കി മിസ്റ്റ് തൈര് (നാച്ചുറൽ യോഗർട്ട്) 100g",dairy,100 g,60
zeev-3149,"മിൽക്കി മിസ്റ്റ് പീച്ച് യോഗർട്ട് 100g",dairy,100 g,60
zeev-3123,"മിൽക്കി മിസ്റ്റ് ബ്ലൂബെറി യോഗർട്ട് 100g",dairy,100 g,60
zeev-3136,"മിൽക്കി മിസ്റ്റ് മാംഗോ യോഗർട്ട് 100ml",dairy,100 ml,60
zeev-43004,"മിൽക്കി മിസ്റ്റ് സ്ട്രോബെറി യോഗർട്ട് 100g",fruits,100 g,60
pothys-snack-3196528,"മിൽക്ക് ഹൽവ (Milk Halwa)",biscuits-snacks,200 g,38
pothys-veg-3197112,"മുടവത്തു കാൽ കിഴങ്ങ്",vegetables,250 g,50
foodprint-fruit-grapes,"മുന്തിരി (Seedless Grapes)",fruits,500 g,120
pothys-veg-3222142,"മുരിങ്ങക്കായ",vegetables,500 g,28
pothys-veg-3136488,"മുരിങ്ങയില",vegetables,1 bunch,47
pothys-veg-3136544,"മുള്ളങ്കി",vegetables,500 g,12
shysha-bakery-9448,"മോഡേൺ ബ്രൗൺ ബ്രെഡ് 400g",biscuits-snacks,400 g,55
shysha-bakery-9452,"മോഡേൺ മൾട്ടിഗ്രെയിൻ ബ്രെഡ് 400g",biscuits-snacks,400 g,60
shysha-bakery-9453,"മോഡേൺ വീറ്റ് ബ്രെഡ് 400g",biscuits-snacks,400 g,60
zeev-155219,"ലയൺ മിക്സഡ് ഫ്രൂട്ട് ജാം 250g",sauces-condiments,250 g,60
pothys-veg-3196524,"ലീക്സ്",vegetables,1 bunch,260
pothys-veg-3194521,"ലെറ്റൂസ്",vegetables,1 kg,142
foodprint-fruit-jackfruit,"വരിക്ക ചക്കച്ചുള (Ripe Jackfruit)",fruits,500 g pack,90
pothys-veg-3137147,"വഴുതനങ്ങ",vegetables,250 g,8
shysha-bakery-9298,"വാനില ഐസ്ക്രീം ടബ്",dairy,1 pack,150
pothys-veg-3137727,"വാഴക്കൂമ്പ്",vegetables,1 pc,8
pothys-veg-3137728,"വാഴപ്പിണ്ടി",vegetables,1 pc,5
pothys-veg-3194701,"വാഴയില",vegetables,1 pc,11
pothys-snack-3196624,"വി എസ് മണി ഉപ്പിട്ട ബനാന ചിപ്സ്",biscuits-snacks,65 g,38
pothys-snack-3196975,"വി എസ് മണി എരിവുള്ള ബനാന ചിപ്സ്",biscuits-snacks,65 g,38
pothys-snack-3196831,"വി എസ് മണി കുരുമുളക് മുറുക്ക്",biscuits-snacks,65 g,38
pothys-snack-3196773,"വി എസ് മണി റിബ്ബൺ മുറുക്ക്",biscuits-snacks,65 g,38
pothys-veg-3136515,"വെണ്ടയ്ക്ക",vegetables,500 g,15
pothys-veg-3136496,"വെളുത്തുള്ളി",vegetables,500 g,55
cucumber,"വെള്ളരിക്ക",vegetables,500 g,19
foodprint-fruit-muskmelon,"ഷമാം (Sweet Muskmelon)",fruits,1 pc (approx 1.2kg),65
foodprint-fruit-chikoo,"സപ്പോട്ട / ചിക്കു (Sapodilla Chikoo)",fruits,1 kg,75
pothys-veg-4213162,"സവാള",vegetables,500 g,34
prod-1788523379836-9836,"സാമ്പാർ പൊടി",spices,500 g,55
pothys-veg-3194576,"സൂക്കിനി",vegetables,1 kg,125
pothys-veg-3194457,"സെലറി",vegetables,1 kg,250
shysha-bakery-9288,"സ്കീ അൽഫോൻസോ മാമ്പഴ ഐസ്ക്രീം ടബ്",dairy,1 pack,190
shysha-bakery-9294,"സ്കീ ഇളനീർ ഐസ്ക്രീം ടബ്",dairy,1 pack,230
foodprint-fruit-strawberries,"സ്ട്രോബെറി (Fresh Strawberries)",fruits,200 g box,110
pothys-veg-3194493,"സ്പ്രിംഗ് ഒനിയൻ",vegetables,1 bunch,13
pothys-veg-3139162,"സ്വീറ്റ് കോൺ",vegetables,500 g,16
foodprint-fruit-star-fruit,"സ്റ്റാർ ഫ്രൂട്ട് / ചതുരപ്പഴം (Star Fruit)",fruits,500 g,120
pothys-snack-2915951,"ഹൽദിറാംസ് പഞ്ചരത്ന മിക്സ്ചർ",biscuits-snacks,150 g,38
shysha-bakery-4914,"ഹാർട്ട് ബ്ലാക്ക് ഫോറസ്റ്റ് കേക്ക് 1 kg",biscuits-snacks,1 kg,700
foodprint-fruit-rambutan-lychee,"റംബൂട്ടാൻ & ലിച്ചി (Rambutan & Lychee)",fruits,500 g,170
fruit-red-globe-grapes,"റെഡ് ഗ്ലോബ് മുന്തിരി (Red Globe Grapes)",fruits,500 g,130
foodprint-fruit-cherries,"റെഡ് ചെറി (Fresh Red Cherries)",fruits,250 g,290
zeev-3891,"റെഡ് ലേബൽ ചായപ്പൊടി 500g",beverages,500 g,60
shysha-bakery-4922,"റെഡ് വെൽവെറ്റ് കേക്ക് 1 kg",biscuits-snacks,1 kg,900
shysha-bakery-4923,"റെഡ് വെൽവെറ്റ് ഹാർട്ട് കേക്ക് 1 kg",biscuits-snacks,1 kg,900
fruit-robusta-banana-fresh,"റോബസ്റ്റ പഴം (മോറിസ് / Robusta Banana)",fruits,1 kg,39
foodprint-fruit-banana,"റോബസ്റ്റ വാഴപ്പഴം (Robusta Banana)",fruits,1 kg,45
